timestamp,temperature_c,rain_intensity,event_level,event_id,holiday_flag,day_of_week,hour
2026-01-01 00:00:00,20.19,0.0,0,,0,3,0.0
2026-01-01 00:05:00,20.17,0.0,0,,0,3,0.08
2026-01-01 00:10:00,20.15,0.0,0,,0,3,0.17
2026-01-01 00:15:00,20.13,0.0,0,,0,3,0.25
2026-01-01 00:20:00,20.11,0.0,0,,0,3,0.33
2026-01-01 00:25:00,20.1,0.0,0,,0,3,0.42
2026-01-01 00:30:00,20.09,0.0,0,,0,3,0.5
2026-01-01 00:35:00,20.08,0.0,0,,0,3,0.58
2026-01-01 00:40:00,20.07,0.0,0,,0,3,0.67
2026-01-01 00:45:00,20.06,0.0,0,,0,3,0.75
2026-01-01 00:50:00,20.06,0.0,0,,0,3,0.83
2026-01-01 00:55:00,20.05,0.0,0,,0,3,0.92
2026-01-01 01:00:00,20.05,0.0,0,,0,3,1.0
2026-01-01 01:05:00,20.05,0.0,0,,0,3,1.08
2026-01-01 01:10:00,20.06,0.0,0,,0,3,1.17
2026-01-01 01:15:00,20.06,0.0,0,,0,3,1.25
2026-01-01 01:20:00,20.07,0.0,0,,0,3,1.33
2026-01-01 01:25:00,20.08,0.0,0,,0,3,1.42
2026-01-01 01:30:00,20.09,0.0,0,,0,3,1.5
2026-01-01 01:35:00,20.1,0.0,0,,0,3,1.58
2026-01-01 01:40:00,20.11,0.0,0,,0,3,1.67
2026-01-01 01:45:00,20.13,0.0,0,,0,3,1.75
2026-01-01 01:50:00,20.15,0.0,0,,0,3,1.83
2026-01-01 01:55:00,20.17,0.0,0,,0,3,1.92
2026-01-01 02:00:00,20.19,0.0,0,,0,3,2.0
2026-01-01 02:05:00,20.21,0.0,0,,0,3,2.08
2026-01-01 02:10:00,20.24,0.0,0,,0,3,2.17
2026-01-01 02:15:00,20.26,0.0,0,,0,3,2.25
2026-01-01 02:20:00,20.29,0.0,0,,0,3,2.33
2026-01-01 02:25:00,20.32,0.0,0,,0,3,2.42
2026-01-01 02:30:00,20.36,0.0,0,,0,3,2.5
2026-01-01 02:35:00,20.39,0.0,0,,0,3,2.58
2026-01-01 02:40:00,20.43,0.0,0,,0,3,2.67
2026-01-01 02:45:00,20.46,0.0,0,,0,3,2.75
2026-01-01 02:50:00,20.5,0.0,0,,0,3,2.83
2026-01-01 02:55:00,20.54,0.0,0,,0,3,2.92
2026-01-01 03:00:00,20.59,0.0,0,,0,3,3.0
2026-01-01 03:05:00,20.63,0.0,0,,0,3,3.08
2026-01-01 03:10:00,20.68,0.0,0,,0,3,3.17
2026-01-01 03:15:00,20.73,0.0,0,,0,3,3.25
2026-01-01 03:20:00,20.78,0.0,0,,0,3,3.33
2026-01-01 03:25:00,20.83,0.0,0,,0,3,3.42
2026-01-01 03:30:00,20.88,0.0,0,,0,3,3.5
2026-01-01 03:35:00,20.93,0.0,0,,0,3,3.58
2026-01-01 03:40:00,20.99,0.0,0,,0,3,3.67
2026-01-01 03:45:00,21.04,0.0,0,,0,3,3.75
2026-01-01 03:50:00,21.1,0.0,0,,0,3,3.83
2026-01-01 03:55:00,21.16,0.0,0,,0,3,3.92
2026-01-01 04:00:00,21.22,0.0,0,,0,3,4.0
2026-01-01 04:05:00,21.29,0.0,0,,0,3,4.08
2026-01-01 04:10:00,21.35,0.0,0,,0,3,4.17
2026-01-01 04:15:00,21.41,0.0,0,,0,3,4.25
2026-01-01 04:20:00,21.48,0.0,0,,0,3,4.33
2026-01-01 04:25:00,21.55,0.0,0,,0,3,4.42
2026-01-01 04:30:00,21.62,0.0,0,,0,3,4.5
2026-01-01 04:35:00,21.69,0.0,0,,0,3,4.58
2026-01-01 04:40:00,21.76,0.0,0,,0,3,4.67
2026-01-01 04:45:00,21.83,0.0,0,,0,3,4.75
2026-01-01 04:50:00,21.9,0.0,0,,0,3,4.83
2026-01-01 04:55:00,21.98,0.0,0,,0,3,4.92
2026-01-01 05:00:00,22.05,0.0,0,,0,3,5.0
2026-01-01 05:05:00,22.13,0.0,0,,0,3,5.08
2026-01-01 05:10:00,22.2,0.0,0,,0,3,5.17
2026-01-01 05:15:00,22.28,0.0,0,,0,3,5.25
2026-01-01 05:20:00,22.36,0.0,0,,0,3,5.33
2026-01-01 05:25:00,22.44,0.0,0,,0,3,5.42
2026-01-01 05:30:00,22.52,0.0,0,,0,3,5.5
2026-01-01 05:35:00,22.6,0.0,0,,0,3,5.58
2026-01-01 05:40:00,22.68,0.0,0,,0,3,5.67
2026-01-01 05:45:00,22.77,0.0,0,,0,3,5.75
2026-01-01 05:50:00,22.85,0.0,0,,0,3,5.83
2026-01-01 05:55:00,22.93,0.0,0,,0,3,5.92
2026-01-01 06:00:00,23.02,0.0,0,,0,3,6.0
2026-01-01 06:05:00,23.1,0.0,0,,0,3,6.08
2026-01-01 06:10:00,23.19,0.0,0,,0,3,6.17
2026-01-01 06:15:00,23.27,0.0,0,,0,3,6.25
2026-01-01 06:20:00,23.36,0.0,0,,0,3,6.33
2026-01-01 06:25:00,23.44,0.0,0,,0,3,6.42
2026-01-01 06:30:00,23.53,0.0,0,,0,3,6.5
2026-01-01 06:35:00,23.62,0.0,0,,0,3,6.58
2026-01-01 06:40:00,23.7,0.0,0,,0,3,6.67
2026-01-01 06:45:00,23.79,0.0,0,,0,3,6.75
2026-01-01 06:50:00,23.88,0.0,0,,0,3,6.83
2026-01-01 06:55:00,23.96,0.0,0,,0,3,6.92
2026-01-01 07:00:00,24.05,0.0,0,,0,3,7.0
2026-01-01 07:05:00,24.14,0.0,0,,0,3,7.08
2026-01-01 07:10:00,24.23,0.0,0,,0,3,7.17
2026-01-01 07:15:00,24.31,0.0,0,,0,3,7.25
2026-01-01 07:20:00,24.4,0.0,0,,0,3,7.33
2026-01-01 07:25:00,24.49,0.0,0,,0,3,7.42
2026-01-01 07:30:00,24.57,0.0,0,,0,3,7.5
2026-01-01 07:35:00,24.66,0.0,0,,0,3,7.58
2026-01-01 07:40:00,24.75,0.0,0,,0,3,7.67
2026-01-01 07:45:00,24.83,0.0,0,,0,3,7.75
2026-01-01 07:50:00,24.92,0.0,0,,0,3,7.83
2026-01-01 07:55:00,25.0,0.0,0,,0,3,7.92
2026-01-01 08:00:00,25.09,0.0,0,,0,3,8.0
2026-01-01 08:05:00,25.17,0.0,0,,0,3,8.08
2026-01-01 08:10:00,25.25,0.0,0,,0,3,8.17
2026-01-01 08:15:00,25.34,0.0,0,,0,3,8.25
2026-01-01 08:20:00,25.42,0.0,0,,0,3,8.33
2026-01-01 08:25:00,25.5,0.0,0,,0,3,8.42
2026-01-01 08:30:00,25.58,0.0,0,,0,3,8.5
2026-01-01 08:35:00,25.66,0.0,0,,0,3,8.58
2026-01-01 08:40:00,25.74,0.0,0,,0,3,8.67
2026-01-01 08:45:00,25.82,0.0,0,,0,3,8.75
2026-01-01 08:50:00,25.9,0.0,0,,0,3,8.83
2026-01-01 08:55:00,25.98,0.0,0,,0,3,8.92
2026-01-01 09:00:00,26.05,0.0,0,,0,3,9.0
2026-01-01 09:05:00,26.13,0.0,0,,0,3,9.08
2026-01-01 09:10:00,26.2,0.0,0,,0,3,9.17
2026-01-01 09:15:00,26.27,0.0,0,,0,3,9.25
2026-01-01 09:20:00,26.35,0.0,0,,0,3,9.33
2026-01-01 09:25:00,26.42,0.0,0,,0,3,9.42
2026-01-01 09:30:00,26.49,0.0,0,,0,3,9.5
2026-01-01 09:35:00,26.56,0.0,0,,0,3,9.58
2026-01-01 09:40:00,26.62,0.0,0,,0,3,9.67
2026-01-01 09:45:00,26.69,0.0,0,,0,3,9.75
2026-01-01 09:50:00,26.75,0.0,0,,0,3,9.83
2026-01-01 09:55:00,26.82,0.0,0,,0,3,9.92
2026-01-01 10:00:00,26.88,0.0,0,,0,3,10.0
2026-01-01 10:05:00,26.94,0.0,0,,0,3,10.08
2026-01-01 10:10:00,27.0,0.0,0,,0,3,10.17
2026-01-01 10:15:00,27.06,0.0,0,,0,3,10.25
2026-01-01 10:20:00,27.12,0.0,0,,0,3,10.33
2026-01-01 10:25:00,27.17,0.0,0,,0,3,10.42
2026-01-01 10:30:00,27.23,0.0,0,,0,3,10.5
2026-01-01 10:35:00,27.28,0.0,0,,0,3,10.58
2026-01-01 10:40:00,27.33,0.0,0,,0,3,10.67
2026-01-01 10:45:00,27.38,0.0,0,,0,3,10.75
2026-01-01 10:50:00,27.43,0.0,0,,0,3,10.83
2026-01-01 10:55:00,27.47,0.0,0,,0,3,10.92
2026-01-01 11:00:00,27.52,0.0,0,,0,3,11.0
2026-01-01 11:05:00,27.56,0.0,0,,0,3,11.08
2026-01-01 11:10:00,27.6,0.0,0,,0,3,11.17
2026-01-01 11:15:00,27.64,0.0,0,,0,3,11.25
2026-01-01 11:20:00,27.68,0.0,0,,0,3,11.33
2026-01-01 11:25:00,27.71,0.0,0,,0,3,11.42
2026-01-01 11:30:00,27.75,0.0,0,,0,3,11.5
2026-01-01 11:35:00,27.78,0.0,0,,0,3,11.58
2026-01-01 11:40:00,27.81,0.0,0,,0,3,11.67
2026-01-01 11:45:00,27.84,0.0,0,,0,3,11.75
2026-01-01 11:50:00,27.87,0.0,0,,0,3,11.83
2026-01-01 11:55:00,27.89,0.0,0,,0,3,11.92
2026-01-01 12:00:00,27.92,0.0,0,,0,3,12.0
2026-01-01 12:05:00,27.94,0.0,0,,0,3,12.08
2026-01-01 12:10:00,27.96,0.0,0,,0,3,12.17
2026-01-01 12:15:00,27.97,0.0,0,,0,3,12.25
2026-01-01 12:20:00,27.99,0.0,0,,0,3,12.33
2026-01-01 12:25:00,28.01,0.0,0,,0,3,12.42
2026-01-01 12:30:00,28.02,0.0,0,,0,3,12.5
2026-01-01 12:35:00,28.03,0.0,0,,0,3,12.58
2026-01-01 12:40:00,28.04,0.0,0,,0,3,12.67
2026-01-01 12:45:00,28.04,0.0,0,,0,3,12.75
2026-01-01 12:50:00,28.05,0.0,0,,0,3,12.83
2026-01-01 12:55:00,28.05,0.0,0,,0,3,12.92
2026-01-01 13:00:00,28.05,0.0,0,,0,3,13.0
2026-01-01 13:05:00,28.05,0.0,0,,0,3,13.08
2026-01-01 13:10:00,28.05,0.0,0,,0,3,13.17
2026-01-01 13:15:00,28.04,0.0,0,,0,3,13.25
2026-01-01 13:20:00,28.04,0.0,0,,0,3,13.33
2026-01-01 13:25:00,28.03,0.0,0,,0,3,13.42
2026-01-01 13:30:00,28.02,0.0,0,,0,3,13.5
2026-01-01 13:35:00,28.01,0.0,0,,0,3,13.58
2026-01-01 13:40:00,27.99,0.0,0,,0,3,13.67
2026-01-01 13:45:00,27.97,0.0,0,,0,3,13.75
2026-01-01 13:50:00,27.96,0.0,0,,0,3,13.83
2026-01-01 13:55:00,27.94,0.0,0,,0,3,13.92
2026-01-01 14:00:00,27.92,0.0,0,,0,3,14.0
2026-01-01 14:05:00,27.89,0.0,0,,0,3,14.08
2026-01-01 14:10:00,27.87,0.0,0,,0,3,14.17
2026-01-01 14:15:00,27.84,0.0,0,,0,3,14.25
2026-01-01 14:20:00,27.81,0.0,0,,0,3,14.33
2026-01-01 14:25:00,27.78,0.0,0,,0,3,14.42
2026-01-01 14:30:00,27.75,0.0,0,,0,3,14.5
2026-01-01 14:35:00,27.71,0.0,0,,0,3,14.58
2026-01-01 14:40:00,27.68,0.0,0,,0,3,14.67
2026-01-01 14:45:00,27.64,0.0,0,,0,3,14.75
2026-01-01 14:50:00,27.6,0.0,0,,0,3,14.83
2026-01-01 14:55:00,27.56,0.0,0,,0,3,14.92
2026-01-01 15:00:00,27.52,0.0,0,,0,3,15.0
2026-01-01 15:05:00,27.47,0.0,0,,0,3,15.08
2026-01-01 15:10:00,27.43,0.0,0,,0,3,15.17
2026-01-01 15:15:00,27.38,0.0,0,,0,3,15.25
2026-01-01 15:20:00,27.33,0.0,0,,0,3,15.33
2026-01-01 15:25:00,27.28,0.0,0,,0,3,15.42
2026-01-01 15:30:00,27.23,0.0,0,,0,3,15.5
2026-01-01 15:35:00,27.17,0.0,0,,0,3,15.58
2026-01-01 15:40:00,27.12,0.0,0,,0,3,15.67
2026-01-01 15:45:00,27.06,0.0,0,,0,3,15.75
2026-01-01 15:50:00,27.0,0.0,0,,0,3,15.83
2026-01-01 15:55:00,26.94,0.0,0,,0,3,15.92
2026-01-01 16:00:00,26.88,0.0,0,,0,3,16.0
2026-01-01 16:05:00,26.82,0.0,0,,0,3,16.08
2026-01-01 16:10:00,26.75,0.0,0,,0,3,16.17
2026-01-01 16:15:00,26.69,0.0,0,,0,3,16.25
2026-01-01 16:20:00,26.62,0.0,0,,0,3,16.33
2026-01-01 16:25:00,26.56,0.0,0,,0,3,16.42
2026-01-01 16:30:00,26.49,0.0,0,,0,3,16.5
2026-01-01 16:35:00,26.42,0.0,0,,0,3,16.58
2026-01-01 16:40:00,26.35,0.0,0,,0,3,16.67
2026-01-01 16:45:00,26.27,0.0,0,,0,3,16.75
2026-01-01 16:50:00,26.2,0.0,1,EVT_101_01,0,3,16.83
2026-01-01 16:55:00,26.13,0.0,1,EVT_101_01,0,3,16.92
2026-01-01 17:00:00,26.05,0.0,1,EVT_101_01,0,3,17.0
2026-01-01 17:05:00,25.98,0.0,1,EVT_101_01,0,3,17.08
2026-01-01 17:10:00,25.9,0.0,1,EVT_101_01,0,3,17.17
2026-01-01 17:15:00,25.82,0.0,1,EVT_101_01,0,3,17.25
2026-01-01 17:20:00,25.74,0.0,1,EVT_101_01,0,3,17.33
2026-01-01 17:25:00,25.66,0.0,0,,0,3,17.42
2026-01-01 17:30:00,25.58,0.0,0,,0,3,17.5
2026-01-01 17:35:00,25.5,0.0,0,,0,3,17.58
2026-01-01 17:40:00,25.42,0.0,0,,0,3,17.67
2026-01-01 17:45:00,25.34,0.0,0,,0,3,17.75
2026-01-01 17:50:00,25.25,0.0,0,,0,3,17.83
2026-01-01 17:55:00,25.17,0.0,0,,0,3,17.92
2026-01-01 18:00:00,25.09,0.0,0,,0,3,18.0
2026-01-01 18:05:00,25.0,0.0,0,,0,3,18.08
2026-01-01 18:10:00,24.92,0.0,0,,0,3,18.17
2026-01-01 18:15:00,24.83,0.0,0,,0,3,18.25
2026-01-01 18:20:00,24.75,0.0,0,,0,3,18.33
2026-01-01 18:25:00,24.66,0.0,0,,0,3,18.42
2026-01-01 18:30:00,24.57,0.0,0,,0,3,18.5
2026-01-01 18:35:00,24.49,0.0,0,,0,3,18.58
2026-01-01 18:40:00,24.4,0.0,0,,0,3,18.67
2026-01-01 18:45:00,24.31,0.0,0,,0,3,18.75
2026-01-01 18:50:00,24.23,0.0,0,,0,3,18.83
2026-01-01 18:55:00,24.14,0.0,0,,0,3,18.92
2026-01-01 19:00:00,24.05,0.0,0,,0,3,19.0
2026-01-01 19:05:00,23.96,0.0,0,,0,3,19.08
2026-01-01 19:10:00,23.88,0.0,0,,0,3,19.17
2026-01-01 19:15:00,23.79,0.0,0,,0,3,19.25
2026-01-01 19:20:00,23.7,0.0,0,,0,3,19.33
2026-01-01 19:25:00,23.62,0.0,0,,0,3,19.42
2026-01-01 19:30:00,23.53,0.0,0,,0,3,19.5
2026-01-01 19:35:00,23.44,0.0,0,,0,3,19.58
2026-01-01 19:40:00,23.36,0.0,0,,0,3,19.67
2026-01-01 19:45:00,23.27,0.0,0,,0,3,19.75
2026-01-01 19:50:00,23.19,0.0,0,,0,3,19.83
2026-01-01 19:55:00,23.1,0.0,0,,0,3,19.92
2026-01-01 20:00:00,23.02,0.0,0,,0,3,20.0
2026-01-01 20:05:00,22.93,0.0,0,,0,3,20.08
2026-01-01 20:10:00,22.85,0.0,0,,0,3,20.17
2026-01-01 20:15:00,22.77,0.0,0,,0,3,20.25
2026-01-01 20:20:00,22.68,0.0,0,,0,3,20.33
2026-01-01 20:25:00,22.6,0.0,0,,0,3,20.42
2026-01-01 20:30:00,22.52,0.0,0,,0,3,20.5
2026-01-01 20:35:00,22.44,0.0,0,,0,3,20.58
2026-01-01 20:40:00,22.36,0.0,0,,0,3,20.67
2026-01-01 20:45:00,22.28,0.0,0,,0,3,20.75
2026-01-01 20:50:00,22.2,0.0,0,,0,3,20.83
2026-01-01 20:55:00,22.13,0.0,0,,0,3,20.92
2026-01-01 21:00:00,22.05,0.0,0,,0,3,21.0
2026-01-01 21:05:00,21.98,0.0,0,,0,3,21.08
2026-01-01 21:10:00,21.9,0.0,0,,0,3,21.17
2026-01-01 21:15:00,21.83,0.0,0,,0,3,21.25
2026-01-01 21:20:00,21.76,0.0,0,,0,3,21.33
2026-01-01 21:25:00,21.69,0.0,0,,0,3,21.42
2026-01-01 21:30:00,21.62,0.0,0,,0,3,21.5
2026-01-01 21:35:00,21.55,0.0,0,,0,3,21.58
2026-01-01 21:40:00,21.48,0.0,0,,0,3,21.67
2026-01-01 21:45:00,21.41,0.0,0,,0,3,21.75
2026-01-01 21:50:00,21.35,0.0,0,,0,3,21.83
2026-01-01 21:55:00,21.29,0.0,0,,0,3,21.92
2026-01-01 22:00:00,21.22,0.0,0,,0,3,22.0
2026-01-01 22:05:00,21.16,0.0,0,,0,3,22.08
2026-01-01 22:10:00,21.1,0.0,0,,0,3,22.17
2026-01-01 22:15:00,21.04,0.0,0,,0,3,22.25
2026-01-01 22:20:00,20.99,0.0,0,,0,3,22.33
2026-01-01 22:25:00,20.93,0.0,0,,0,3,22.42
2026-01-01 22:30:00,20.88,0.0,0,,0,3,22.5
2026-01-01 22:35:00,20.83,0.0,0,,0,3,22.58
2026-01-01 22:40:00,20.78,0.0,0,,0,3,22.67
2026-01-01 22:45:00,20.73,0.0,0,,0,3,22.75
2026-01-01 22:50:00,20.68,0.0,0,,0,3,22.83
2026-01-01 22:55:00,20.63,0.0,0,,0,3,22.92
2026-01-01 23:00:00,20.59,0.0,0,,0,3,23.0
2026-01-01 23:05:00,20.54,0.0,0,,0,3,23.08
2026-01-01 23:10:00,20.5,0.0,0,,0,3,23.17
2026-01-01 23:15:00,20.46,0.0,0,,0,3,23.25
2026-01-01 23:20:00,20.43,0.0,0,,0,3,23.33
2026-01-01 23:25:00,20.39,0.0,0,,0,3,23.42
2026-01-01 23:30:00,20.36,0.0,0,,0,3,23.5
2026-01-01 23:35:00,20.32,0.0,0,,0,3,23.58
2026-01-01 23:40:00,20.29,0.0,0,,0,3,23.67
2026-01-01 23:45:00,20.26,0.0,0,,0,3,23.75
2026-01-01 23:50:00,20.24,0.0,0,,0,3,23.83
2026-01-01 23:55:00,20.21,0.0,0,,0,3,23.92
2026-01-02 00:00:00,18.78,0.0,0,,0,4,0.0
2026-01-02 00:05:00,18.76,0.0,0,,0,4,0.08
2026-01-02 00:10:00,18.74,0.0,0,,0,4,0.17
2026-01-02 00:15:00,18.72,0.0,0,,0,4,0.25
2026-01-02 00:20:00,18.71,0.0,0,,0,4,0.33
2026-01-02 00:25:00,18.69,0.0,0,,0,4,0.42
2026-01-02 00:30:00,18.68,0.0,0,,0,4,0.5
2026-01-02 00:35:00,18.67,0.0,0,,0,4,0.58
2026-01-02 00:40:00,18.66,0.0,0,,0,4,0.67
2026-01-02 00:45:00,18.65,0.0,0,,0,4,0.75
2026-01-02 00:50:00,18.65,0.0,0,,0,4,0.83
2026-01-02 00:55:00,18.65,0.0,0,,0,4,0.92
2026-01-02 01:00:00,18.64,0.0,0,,0,4,1.0
2026-01-02 01:05:00,18.65,0.0,0,,0,4,1.08
2026-01-02 01:10:00,18.65,0.0,0,,0,4,1.17
2026-01-02 01:15:00,18.65,0.0,0,,0,4,1.25
2026-01-02 01:20:00,18.66,0.0,0,,0,4,1.33
2026-01-02 01:25:00,18.67,0.0,0,,0,4,1.42
2026-01-02 01:30:00,18.68,0.0,0,,0,4,1.5
2026-01-02 01:35:00,18.69,0.0,0,,0,4,1.58
2026-01-02 01:40:00,18.71,0.0,0,,0,4,1.67
2026-01-02 01:45:00,18.72,0.0,0,,0,4,1.75
2026-01-02 01:50:00,18.74,0.0,0,,0,4,1.83
2026-01-02 01:55:00,18.76,0.0,0,,0,4,1.92
2026-01-02 02:00:00,18.78,0.0,0,,0,4,2.0
2026-01-02 02:05:00,18.8,0.0,0,,0,4,2.08
2026-01-02 02:10:00,18.83,0.0,0,,0,4,2.17
2026-01-02 02:15:00,18.86,0.0,0,,0,4,2.25
2026-01-02 02:20:00,18.89,0.0,0,,0,4,2.33
2026-01-02 02:25:00,18.92,0.0,0,,0,4,2.42
2026-01-02 02:30:00,18.95,0.0,0,,0,4,2.5
2026-01-02 02:35:00,18.98,0.0,0,,0,4,2.58
2026-01-02 02:40:00,19.02,0.0,0,,0,4,2.67
2026-01-02 02:45:00,19.06,0.0,0,,0,4,2.75
2026-01-02 02:50:00,19.1,0.0,0,,0,4,2.83
2026-01-02 02:55:00,19.14,0.0,0,,0,4,2.92
2026-01-02 03:00:00,19.18,0.0,0,,0,4,3.0
2026-01-02 03:05:00,19.22,0.0,0,,0,4,3.08
2026-01-02 03:10:00,19.27,0.0,0,,0,4,3.17
2026-01-02 03:15:00,19.32,0.0,0,,0,4,3.25
2026-01-02 03:20:00,19.37,0.0,0,,0,4,3.33
2026-01-02 03:25:00,19.42,0.0,0,,0,4,3.42
2026-01-02 03:30:00,19.47,0.0,0,,0,4,3.5
2026-01-02 03:35:00,19.52,0.0,0,,0,4,3.58
2026-01-02 03:40:00,19.58,0.0,0,,0,4,3.67
2026-01-02 03:45:00,19.64,0.0,0,,0,4,3.75
2026-01-02 03:50:00,19.7,0.0,0,,0,4,3.83
2026-01-02 03:55:00,19.76,0.0,0,,0,4,3.92
2026-01-02 04:00:00,19.82,0.0,0,,0,4,4.0
2026-01-02 04:05:00,19.88,0.0,0,,0,4,4.08
2026-01-02 04:10:00,19.94,0.0,0,,0,4,4.17
2026-01-02 04:15:00,20.01,0.0,0,,0,4,4.25
2026-01-02 04:20:00,20.07,0.0,0,,0,4,4.33
2026-01-02 04:25:00,20.14,0.0,0,,0,4,4.42
2026-01-02 04:30:00,20.21,0.0,0,,0,4,4.5
2026-01-02 04:35:00,20.28,0.0,0,,0,4,4.58
2026-01-02 04:40:00,20.35,0.0,0,,0,4,4.67
2026-01-02 04:45:00,20.42,0.0,0,,0,4,4.75
2026-01-02 04:50:00,20.5,0.0,0,,0,4,4.83
2026-01-02 04:55:00,20.57,0.0,0,,0,4,4.92
2026-01-02 05:00:00,20.64,0.0,0,,0,4,5.0
2026-01-02 05:05:00,20.72,0.0,0,,0,4,5.08
2026-01-02 05:10:00,20.8,0.0,0,,0,4,5.17
2026-01-02 05:15:00,20.88,0.0,0,,0,4,5.25
2026-01-02 05:20:00,20.95,0.0,0,,0,4,5.33
2026-01-02 05:25:00,21.03,0.0,0,,0,4,5.42
2026-01-02 05:30:00,21.11,0.0,0,,0,4,5.5
2026-01-02 05:35:00,21.19,0.0,0,,0,4,5.58
2026-01-02 05:40:00,21.28,0.0,0,,0,4,5.67
2026-01-02 05:45:00,21.36,0.0,0,,0,4,5.75
2026-01-02 05:50:00,21.44,0.0,0,,0,4,5.83
2026-01-02 05:55:00,21.53,0.0,0,,0,4,5.92
2026-01-02 06:00:00,21.61,0.0,0,,0,4,6.0
2026-01-02 06:05:00,21.69,0.0,0,,0,4,6.08
2026-01-02 06:10:00,21.78,0.0,0,,0,4,6.17
2026-01-02 06:15:00,21.86,0.0,0,,0,4,6.25
2026-01-02 06:20:00,21.95,0.0,0,,0,4,6.33
2026-01-02 06:25:00,22.04,0.0,0,,0,4,6.42
2026-01-02 06:30:00,22.12,0.0,0,,0,4,6.5
2026-01-02 06:35:00,22.21,0.0,0,,0,4,6.58
2026-01-02 06:40:00,22.3,0.0,0,,0,4,6.67
2026-01-02 06:45:00,22.38,0.0,0,,0,4,6.75
2026-01-02 06:50:00,22.47,0.0,0,,0,4,6.83
2026-01-02 06:55:00,22.56,0.0,0,,0,4,6.92
2026-01-02 07:00:00,22.64,0.0,0,,0,4,7.0
2026-01-02 07:05:00,22.73,0.0,0,,0,4,7.08
2026-01-02 07:10:00,22.82,0.0,0,,0,4,7.17
2026-01-02 07:15:00,22.91,0.0,0,,0,4,7.25
2026-01-02 07:20:00,22.99,0.0,0,,0,4,7.33
2026-01-02 07:25:00,23.08,0.0,0,,0,4,7.42
2026-01-02 07:30:00,23.17,0.0,0,,0,4,7.5
2026-01-02 07:35:00,23.25,0.0,0,,0,4,7.58
2026-01-02 07:40:00,23.34,0.0,0,,0,4,7.67
2026-01-02 07:45:00,23.42,0.0,0,,0,4,7.75
2026-01-02 07:50:00,23.51,0.0,0,,0,4,7.83
2026-01-02 07:55:00,23.6,0.0,0,,0,4,7.92
2026-01-02 08:00:00,23.68,0.0,0,,0,4,8.0
2026-01-02 08:05:00,23.76,0.0,0,,0,4,8.08
2026-01-02 08:10:00,23.85,0.0,0,,0,4,8.17
2026-01-02 08:15:00,23.93,0.0,0,,0,4,8.25
2026-01-02 08:20:00,24.01,0.0,0,,0,4,8.33
2026-01-02 08:25:00,24.09,0.0,0,,0,4,8.42
2026-01-02 08:30:00,24.18,0.0,0,,0,4,8.5
2026-01-02 08:35:00,24.26,0.0,0,,0,4,8.58
2026-01-02 08:40:00,24.33,0.0,0,,0,4,8.67
2026-01-02 08:45:00,24.41,0.0,0,,0,4,8.75
2026-01-02 08:50:00,24.49,0.0,0,,0,4,8.83
2026-01-02 08:55:00,24.57,0.0,0,,0,4,8.92
2026-01-02 09:00:00,24.64,0.0,0,,0,4,9.0
2026-01-02 09:05:00,24.72,0.0,0,,0,4,9.08
2026-01-02 09:10:00,24.79,0.0,0,,0,4,9.17
2026-01-02 09:15:00,24.87,0.0,0,,0,4,9.25
2026-01-02 09:20:00,24.94,0.0,0,,0,4,9.33
2026-01-02 09:25:00,25.01,0.0,0,,0,4,9.42
2026-01-02 09:30:00,25.08,0.0,0,,0,4,9.5
2026-01-02 09:35:00,25.15,0.0,0,,0,4,9.58
2026-01-02 09:40:00,25.22,0.0,0,,0,4,9.67
2026-01-02 09:45:00,25.28,0.0,0,,0,4,9.75
2026-01-02 09:50:00,25.35,0.0,0,,0,4,9.83
2026-01-02 09:55:00,25.41,0.0,0,,0,4,9.92
2026-01-02 10:00:00,25.47,0.0,0,,0,4,10.0
2026-01-02 10:05:00,25.53,0.0,0,,0,4,10.08
2026-01-02 10:10:00,25.59,0.0,0,,0,4,10.17
2026-01-02 10:15:00,25.65,0.0,0,,0,4,10.25
2026-01-02 10:20:00,25.71,0.0,0,,0,4,10.33
2026-01-02 10:25:00,25.76,0.0,0,,0,4,10.42
2026-01-02 10:30:00,25.82,0.0,0,,0,4,10.5
2026-01-02 10:35:00,25.87,0.0,0,,0,4,10.58
2026-01-02 10:40:00,25.92,0.0,0,,0,4,10.67
2026-01-02 10:45:00,25.97,0.0,0,,0,4,10.75
2026-01-02 10:50:00,26.02,0.0,0,,0,4,10.83
2026-01-02 10:55:00,26.06,0.0,0,,0,4,10.92
2026-01-02 11:00:00,26.11,0.0,0,,0,4,11.0
2026-01-02 11:05:00,26.15,0.0,0,,0,4,11.08
2026-01-02 11:10:00,26.19,0.0,0,,0,4,11.17
2026-01-02 11:15:00,26.23,0.0,0,,0,4,11.25
2026-01-02 11:20:00,26.27,0.0,0,,0,4,11.33
2026-01-02 11:25:00,26.31,0.0,0,,0,4,11.42
2026-01-02 11:30:00,26.34,0.0,0,,0,4,11.5
2026-01-02 11:35:00,26.37,0.0,0,,0,4,11.58
2026-01-02 11:40:00,26.4,0.0,0,,0,4,11.67
2026-01-02 11:45:00,26.43,0.0,0,,0,4,11.75
2026-01-02 11:50:00,26.46,0.0,0,,0,4,11.83
2026-01-02 11:55:00,26.48,0.0,0,,0,4,11.92
2026-01-02 12:00:00,26.51,0.0,0,,0,4,12.0
2026-01-02 12:05:00,26.53,0.0,0,,0,4,12.08
2026-01-02 12:10:00,26.55,0.0,0,,0,4,12.17
2026-01-02 12:15:00,26.57,0.0,0,,0,4,12.25
2026-01-02 12:20:00,26.58,0.0,0,,0,4,12.33
2026-01-02 12:25:00,26.6,0.0,0,,0,4,12.42
2026-01-02 12:30:00,26.61,0.0,0,,0,4,12.5
2026-01-02 12:35:00,26.62,0.0,0,,0,4,12.58
2026-01-02 12:40:00,26.63,0.0,0,,0,4,12.67
2026-01-02 12:45:00,26.64,0.0,0,,0,4,12.75
2026-01-02 12:50:00,26.64,0.0,0,,0,4,12.83
2026-01-02 12:55:00,26.64,0.0,0,,0,4,12.92
2026-01-02 13:00:00,26.64,0.0,0,,0,4,13.0
2026-01-02 13:05:00,26.64,0.0,0,,0,4,13.08
2026-01-02 13:10:00,26.64,0.0,0,,0,4,13.17
2026-01-02 13:15:00,26.64,0.0,0,,0,4,13.25
2026-01-02 13:20:00,26.63,0.0,0,,0,4,13.33
2026-01-02 13:25:00,26.62,0.0,0,,0,4,13.42
2026-01-02 13:30:00,26.61,0.0,0,,0,4,13.5
2026-01-02 13:35:00,26.6,0.0,0,,0,4,13.58
2026-01-02 13:40:00,26.58,0.0,0,,0,4,13.67
2026-01-02 13:45:00,26.57,0.0,0,,0,4,13.75
2026-01-02 13:50:00,26.55,0.0,0,,0,4,13.83
2026-01-02 13:55:00,26.53,0.0,0,,0,4,13.92
2026-01-02 14:00:00,26.51,0.0,0,,0,4,14.0
2026-01-02 14:05:00,26.48,0.0,0,,0,4,14.08
2026-01-02 14:10:00,26.46,0.0,0,,0,4,14.17
2026-01-02 14:15:00,26.43,0.0,0,,0,4,14.25
2026-01-02 14:20:00,26.4,0.0,0,,0,4,14.33
2026-01-02 14:25:00,26.37,0.0,0,,0,4,14.42
2026-01-02 14:30:00,26.34,0.0,0,,0,4,14.5
2026-01-02 14:35:00,26.31,0.0,0,,0,4,14.58
2026-01-02 14:40:00,26.27,0.0,0,,0,4,14.67
2026-01-02 14:45:00,26.23,0.0,0,,0,4,14.75
2026-01-02 14:50:00,26.19,0.0,0,,0,4,14.83
2026-01-02 14:55:00,26.15,0.0,0,,0,4,14.92
2026-01-02 15:00:00,26.11,0.0,0,,0,4,15.0
2026-01-02 15:05:00,26.06,0.0,0,,0,4,15.08
2026-01-02 15:10:00,26.02,0.0,0,,0,4,15.17
2026-01-02 15:15:00,25.97,0.0,0,,0,4,15.25
2026-01-02 15:20:00,25.92,0.0,0,,0,4,15.33
2026-01-02 15:25:00,25.87,0.0,0,,0,4,15.42
2026-01-02 15:30:00,25.82,0.0,0,,0,4,15.5
2026-01-02 15:35:00,25.76,0.0,0,,0,4,15.58
2026-01-02 15:40:00,25.71,0.0,0,,0,4,15.67
2026-01-02 15:45:00,25.65,0.0,0,,0,4,15.75
2026-01-02 15:50:00,25.59,0.0,0,,0,4,15.83
2026-01-02 15:55:00,25.53,0.0,0,,0,4,15.92
2026-01-02 16:00:00,25.47,0.0,0,,0,4,16.0
2026-01-02 16:05:00,25.41,0.0,0,,0,4,16.08
2026-01-02 16:10:00,25.35,0.0,0,,0,4,16.17
2026-01-02 16:15:00,25.28,0.0,0,,0,4,16.25
2026-01-02 16:20:00,25.22,0.0,0,,0,4,16.33
2026-01-02 16:25:00,25.15,0.0,0,,0,4,16.42
2026-01-02 16:30:00,25.08,0.0,0,,0,4,16.5
2026-01-02 16:35:00,25.01,0.0,0,,0,4,16.58
2026-01-02 16:40:00,24.94,0.0,0,,0,4,16.67
2026-01-02 16:45:00,24.87,0.0,0,,0,4,16.75
2026-01-02 16:50:00,24.79,0.0,0,,0,4,16.83
2026-01-02 16:55:00,24.72,0.0,0,,0,4,16.92
2026-01-02 17:00:00,24.64,0.0,0,,0,4,17.0
2026-01-02 17:05:00,24.57,0.0,0,,0,4,17.08
2026-01-02 17:10:00,24.49,0.0,0,,0,4,17.17
2026-01-02 17:15:00,24.41,0.0,0,,0,4,17.25
2026-01-02 17:20:00,24.33,0.0,0,,0,4,17.33
2026-01-02 17:25:00,24.26,0.0,0,,0,4,17.42
2026-01-02 17:30:00,24.18,0.0,0,,0,4,17.5
2026-01-02 17:35:00,24.09,0.0,0,,0,4,17.58
2026-01-02 17:40:00,24.01,0.0,0,,0,4,17.67
2026-01-02 17:45:00,23.93,0.0,0,,0,4,17.75
2026-01-02 17:50:00,23.85,0.0,0,,0,4,17.83
2026-01-02 17:55:00,23.76,0.0,0,,0,4,17.92
2026-01-02 18:00:00,23.68,0.0,0,,0,4,18.0
2026-01-02 18:05:00,23.6,0.0,0,,0,4,18.08
2026-01-02 18:10:00,23.51,0.0,0,,0,4,18.17
2026-01-02 18:15:00,23.42,0.0,0,,0,4,18.25
2026-01-02 18:20:00,23.34,0.0,0,,0,4,18.33
2026-01-02 18:25:00,23.25,0.0,0,,0,4,18.42
2026-01-02 18:30:00,23.17,0.0,0,,0,4,18.5
2026-01-02 18:35:00,23.08,0.0,0,,0,4,18.58
2026-01-02 18:40:00,22.99,0.0,0,,0,4,18.67
2026-01-02 18:45:00,22.91,0.0,0,,0,4,18.75
2026-01-02 18:50:00,22.82,0.0,0,,0,4,18.83
2026-01-02 18:55:00,22.73,0.0,0,,0,4,18.92
2026-01-02 19:00:00,22.64,0.0,0,,0,4,19.0
2026-01-02 19:05:00,22.56,0.0,0,,0,4,19.08
2026-01-02 19:10:00,22.47,0.0,0,,0,4,19.17
2026-01-02 19:15:00,22.38,0.0,0,,0,4,19.25
2026-01-02 19:20:00,22.3,0.0,0,,0,4,19.33
2026-01-02 19:25:00,22.21,0.0,0,,0,4,19.42
2026-01-02 19:30:00,22.12,0.0,0,,0,4,19.5
2026-01-02 19:35:00,22.04,0.0,0,,0,4,19.58
2026-01-02 19:40:00,21.95,0.0,0,,0,4,19.67
2026-01-02 19:45:00,21.86,0.0,0,,0,4,19.75
2026-01-02 19:50:00,21.78,0.0,0,,0,4,19.83
2026-01-02 19:55:00,21.69,0.0,0,,0,4,19.92
2026-01-02 20:00:00,21.61,0.0,0,,0,4,20.0
2026-01-02 20:05:00,21.53,0.0,0,,0,4,20.08
2026-01-02 20:10:00,21.44,0.0,0,,0,4,20.17
2026-01-02 20:15:00,21.36,0.0,0,,0,4,20.25
2026-01-02 20:20:00,21.28,0.0,0,,0,4,20.33
2026-01-02 20:25:00,21.19,0.0,0,,0,4,20.42
2026-01-02 20:30:00,21.11,0.0,0,,0,4,20.5
2026-01-02 20:35:00,21.03,0.0,0,,0,4,20.58
2026-01-02 20:40:00,20.95,0.0,0,,0,4,20.67
2026-01-02 20:45:00,20.88,0.0,0,,0,4,20.75
2026-01-02 20:50:00,20.8,0.0,0,,0,4,20.83
2026-01-02 20:55:00,20.72,0.0,0,,0,4,20.92
2026-01-02 21:00:00,20.64,0.0,0,,0,4,21.0
2026-01-02 21:05:00,20.57,0.0,0,,0,4,21.08
2026-01-02 21:10:00,20.5,0.0,0,,0,4,21.17
2026-01-02 21:15:00,20.42,0.0,0,,0,4,21.25
2026-01-02 21:20:00,20.35,0.0,0,,0,4,21.33
2026-01-02 21:25:00,20.28,0.0,0,,0,4,21.42
2026-01-02 21:30:00,20.21,0.0,0,,0,4,21.5
2026-01-02 21:35:00,20.14,0.0,0,,0,4,21.58
2026-01-02 21:40:00,20.07,0.0,0,,0,4,21.67
2026-01-02 21:45:00,20.01,0.0,0,,0,4,21.75
2026-01-02 21:50:00,19.94,0.0,0,,0,4,21.83
2026-01-02 21:55:00,19.88,0.0,0,,0,4,21.92
2026-01-02 22:00:00,19.82,0.0,0,,0,4,22.0
2026-01-02 22:05:00,19.76,0.0,0,,0,4,22.08
2026-01-02 22:10:00,19.7,0.0,0,,0,4,22.17
2026-01-02 22:15:00,19.64,0.0,0,,0,4,22.25
2026-01-02 22:20:00,19.58,0.0,0,,0,4,22.33
2026-01-02 22:25:00,19.52,0.0,0,,0,4,22.42
2026-01-02 22:30:00,19.47,0.0,0,,0,4,22.5
2026-01-02 22:35:00,19.42,0.0,0,,0,4,22.58
2026-01-02 22:40:00,19.37,0.0,0,,0,4,22.67
2026-01-02 22:45:00,19.32,0.0,0,,0,4,22.75
2026-01-02 22:50:00,19.27,0.0,0,,0,4,22.83
2026-01-02 22:55:00,19.22,0.0,0,,0,4,22.92
2026-01-02 23:00:00,19.18,0.0,0,,0,4,23.0
2026-01-02 23:05:00,19.14,0.0,0,,0,4,23.08
2026-01-02 23:10:00,19.1,0.0,0,,0,4,23.17
2026-01-02 23:15:00,19.06,0.0,0,,0,4,23.25
2026-01-02 23:20:00,19.02,0.0,0,,0,4,23.33
2026-01-02 23:25:00,18.98,0.0,0,,0,4,23.42
2026-01-02 23:30:00,18.95,0.0,0,,0,4,23.5
2026-01-02 23:35:00,18.92,0.0,0,,0,4,23.58
2026-01-02 23:40:00,18.89,0.0,0,,0,4,23.67
2026-01-02 23:45:00,18.86,0.0,0,,0,4,23.75
2026-01-02 23:50:00,18.83,0.0,0,,0,4,23.83
2026-01-02 23:55:00,18.8,0.0,0,,0,4,23.92
2026-01-03 00:00:00,22.03,0.0,0,,1,5,0.0
2026-01-03 00:05:00,22.01,0.0,0,,1,5,0.08
2026-01-03 00:10:00,21.99,0.0,0,,1,5,0.17
2026-01-03 00:15:00,21.97,0.0,0,,1,5,0.25
2026-01-03 00:20:00,21.96,0.0,0,,1,5,0.33
2026-01-03 00:25:00,21.94,0.0,0,,1,5,0.42
2026-01-03 00:30:00,21.93,0.0,0,,1,5,0.5
2026-01-03 00:35:00,21.92,0.0,0,,1,5,0.58
2026-01-03 00:40:00,21.91,0.0,0,,1,5,0.67
2026-01-03 00:45:00,21.9,0.0,0,,1,5,0.75
2026-01-03 00:50:00,21.9,0.0,0,,1,5,0.83
2026-01-03 00:55:00,21.9,0.0,0,,1,5,0.92
2026-01-03 01:00:00,21.9,0.0,0,,1,5,1.0
2026-01-03 01:05:00,21.9,0.0,0,,1,5,1.08
2026-01-03 01:10:00,21.9,0.0,0,,1,5,1.17
2026-01-03 01:15:00,21.9,0.0,0,,1,5,1.25
2026-01-03 01:20:00,21.91,0.0,0,,1,5,1.33
2026-01-03 01:25:00,21.92,0.0,0,,1,5,1.42
2026-01-03 01:30:00,21.93,0.0,0,,1,5,1.5
2026-01-03 01:35:00,21.94,0.0,0,,1,5,1.58
2026-01-03 01:40:00,21.96,0.0,0,,1,5,1.67
2026-01-03 01:45:00,21.97,0.0,0,,1,5,1.75
2026-01-03 01:50:00,21.99,0.0,0,,1,5,1.83
2026-01-03 01:55:00,22.01,0.0,0,,1,5,1.92
2026-01-03 02:00:00,22.03,0.0,0,,1,5,2.0
2026-01-03 02:05:00,22.06,0.0,0,,1,5,2.08
2026-01-03 02:10:00,22.08,0.0,0,,1,5,2.17
2026-01-03 02:15:00,22.11,0.0,0,,1,5,2.25
2026-01-03 02:20:00,22.14,0.0,0,,1,5,2.33
2026-01-03 02:25:00,22.17,0.0,0,,1,5,2.42
2026-01-03 02:30:00,22.2,0.0,0,,1,5,2.5
2026-01-03 02:35:00,22.23,0.0,0,,1,5,2.58
2026-01-03 02:40:00,22.27,0.0,0,,1,5,2.67
2026-01-03 02:45:00,22.31,0.0,0,,1,5,2.75
2026-01-03 02:50:00,22.35,0.0,0,,1,5,2.83
2026-01-03 02:55:00,22.39,0.0,0,,1,5,2.92
2026-01-03 03:00:00,22.43,0.0,0,,1,5,3.0
2026-01-03 03:05:00,22.48,0.0,0,,1,5,3.08
2026-01-03 03:10:00,22.52,0.0,0,,1,5,3.17
2026-01-03 03:15:00,22.57,0.0,0,,1,5,3.25
2026-01-03 03:20:00,22.62,0.0,0,,1,5,3.33
2026-01-03 03:25:00,22.67,0.0,0,,1,5,3.42
2026-01-03 03:30:00,22.72,0.0,0,,1,5,3.5
2026-01-03 03:35:00,22.78,0.0,0,,1,5,3.58
2026-01-03 03:40:00,22.83,0.0,0,,1,5,3.67
2026-01-03 03:45:00,22.89,0.0,0,,1,5,3.75
2026-01-03 03:50:00,22.95,0.0,0,,1,5,3.83
2026-01-03 03:55:00,23.01,0.0,0,,1,5,3.92
2026-01-03 04:00:00,23.07,0.0,0,,1,5,4.0
2026-01-03 04:05:00,23.13,0.0,0,,1,5,4.08
2026-01-03 04:10:00,23.19,0.0,0,,1,5,4.17
2026-01-03 04:15:00,23.26,0.0,0,,1,5,4.25
2026-01-03 04:20:00,23.32,0.0,0,,1,5,4.33
2026-01-03 04:25:00,23.39,0.0,0,,1,5,4.42
2026-01-03 04:30:00,23.46,0.0,0,,1,5,4.5
2026-01-03 04:35:00,23.53,0.0,0,,1,5,4.58
2026-01-03 04:40:00,23.6,0.0,0,,1,5,4.67
2026-01-03 04:45:00,23.67,0.0,0,,1,5,4.75
2026-01-03 04:50:00,23.75,0.0,0,,1,5,4.83
2026-01-03 04:55:00,23.82,0.0,0,,1,5,4.92
2026-01-03 05:00:00,23.9,0.0,0,,1,5,5.0
2026-01-03 05:05:00,23.97,0.0,0,,1,5,5.08
2026-01-03 05:10:00,24.05,0.0,0,,1,5,5.17
2026-01-03 05:15:00,24.13,0.0,0,,1,5,5.25
2026-01-03 05:20:00,24.21,0.0,0,,1,5,5.33
2026-01-03 05:25:00,24.29,0.0,0,,1,5,5.42
2026-01-03 05:30:00,24.37,0.0,0,,1,5,5.5
2026-01-03 05:35:00,24.45,0.0,0,,1,5,5.58
2026-01-03 05:40:00,24.53,0.0,0,,1,5,5.67
2026-01-03 05:45:00,24.61,0.0,0,,1,5,5.75
2026-01-03 05:50:00,24.69,0.0,0,,1,5,5.83
2026-01-03 05:55:00,24.78,0.0,0,,1,5,5.92
2026-01-03 06:00:00,24.86,0.0,0,,1,5,6.0
2026-01-03 06:05:00,24.95,0.0,0,,1,5,6.08
2026-01-03 06:10:00,25.03,0.0,0,,1,5,6.17
2026-01-03 06:15:00,25.12,0.0,0,,1,5,6.25
2026-01-03 06:20:00,25.2,0.0,0,,1,5,6.33
2026-01-03 06:25:00,25.29,0.0,0,,1,5,6.42
2026-01-03 06:30:00,25.37,0.0,0,,1,5,6.5
2026-01-03 06:35:00,25.46,0.0,0,,1,5,6.58
2026-01-03 06:40:00,25.55,0.0,0,,1,5,6.67
2026-01-03 06:45:00,25.63,0.0,0,,1,5,6.75
2026-01-03 06:50:00,25.72,0.0,0,,1,5,6.83
2026-01-03 06:55:00,25.81,0.0,0,,1,5,6.92
2026-01-03 07:00:00,25.9,0.0,0,,1,5,7.0
2026-01-03 07:05:00,25.98,0.0,0,,1,5,7.08
2026-01-03 07:10:00,26.07,0.0,0,,1,5,7.17
2026-01-03 07:15:00,26.16,0.0,0,,1,5,7.25
2026-01-03 07:20:00,26.24,0.0,0,,1,5,7.33
2026-01-03 07:25:00,26.33,0.0,0,,1,5,7.42
2026-01-03 07:30:00,26.42,0.0,0,,1,5,7.5
2026-01-03 07:35:00,26.5,0.0,0,,1,5,7.58
2026-01-03 07:40:00,26.59,0.0,0,,1,5,7.67
2026-01-03 07:45:00,26.68,0.0,0,,1,5,7.75
2026-01-03 07:50:00,26.76,0.0,0,,1,5,7.83
2026-01-03 07:55:00,26.85,0.0,0,,1,5,7.92
2026-01-03 08:00:00,26.93,0.0,0,,1,5,8.0
2026-01-03 08:05:00,27.02,0.0,0,,1,5,8.08
2026-01-03 08:10:00,27.1,0.0,0,,1,5,8.17
2026-01-03 08:15:00,27.18,0.0,0,,1,5,8.25
2026-01-03 08:20:00,27.26,0.0,0,,1,5,8.33
2026-01-03 08:25:00,27.35,0.0,0,,1,5,8.42
2026-01-03 08:30:00,27.43,0.0,0,,1,5,8.5
2026-01-03 08:35:00,27.51,0.0,0,,1,5,8.58
2026-01-03 08:40:00,27.59,0.0,0,,1,5,8.67
2026-01-03 08:45:00,27.67,0.0,0,,1,5,8.75
2026-01-03 08:50:00,27.74,0.0,0,,1,5,8.83
2026-01-03 08:55:00,27.82,0.0,0,,1,5,8.92
2026-01-03 09:00:00,27.9,0.0,0,,1,5,9.0
2026-01-03 09:05:00,27.97,0.0,0,,1,5,9.08
2026-01-03 09:10:00,28.05,0.0,0,,1,5,9.17
2026-01-03 09:15:00,28.12,0.0,0,,1,5,9.25
2026-01-03 09:20:00,28.19,0.0,0,,1,5,9.33
2026-01-03 09:25:00,28.26,0.0,0,,1,5,9.42
2026-01-03 09:30:00,28.33,0.0,0,,1,5,9.5
2026-01-03 09:35:00,28.4,0.0,0,,1,5,9.58
2026-01-03 09:40:00,28.47,0.0,0,,1,5,9.67
2026-01-03 09:45:00,28.53,0.0,0,,1,5,9.75
2026-01-03 09:50:00,28.6,0.0,0,,1,5,9.83
2026-01-03 09:55:00,28.66,0.0,0,,1,5,9.92
2026-01-03 10:00:00,28.72,0.0,0,,1,5,10.0
2026-01-03 10:05:00,28.79,0.0,0,,1,5,10.08
2026-01-03 10:10:00,28.85,0.0,0,,1,5,10.17
2026-01-03 10:15:00,28.9,0.0,0,,1,5,10.25
2026-01-03 10:20:00,28.96,0.0,0,,1,5,10.33
2026-01-03 10:25:00,29.02,0.0,0,,1,5,10.42
2026-01-03 10:30:00,29.07,0.0,0,,1,5,10.5
2026-01-03 10:35:00,29.12,0.0,0,,1,5,10.58
2026-01-03 10:40:00,29.17,0.0,0,,1,5,10.67
2026-01-03 10:45:00,29.22,0.0,0,,1,5,10.75
2026-01-03 10:50:00,29.27,0.0,0,,1,5,10.83
2026-01-03 10:55:00,29.32,0.0,0,,1,5,10.92
2026-01-03 11:00:00,29.36,0.0,0,,1,5,11.0
2026-01-03 11:05:00,29.4,0.0,0,,1,5,11.08
2026-01-03 11:10:00,29.44,0.0,0,,1,5,11.17
2026-01-03 11:15:00,29.48,0.0,0,,1,5,11.25
2026-01-03 11:20:00,29.52,0.0,0,,1,5,11.33
2026-01-03 11:25:00,29.56,0.0,0,,1,5,11.42
2026-01-03 11:30:00,29.59,0.0,0,,1,5,11.5
2026-01-03 11:35:00,29.62,0.0,0,,1,5,11.58
2026-01-03 11:40:00,29.65,0.0,0,,1,5,11.67
2026-01-03 11:45:00,29.68,0.0,0,,1,5,11.75
2026-01-03 11:50:00,29.71,0.0,0,,1,5,11.83
2026-01-03 11:55:00,29.74,0.0,0,,1,5,11.92
2026-01-03 12:00:00,29.76,0.0,0,,1,5,12.0
2026-01-03 12:05:00,29.78,0.0,0,,1,5,12.08
2026-01-03 12:10:00,29.8,0.0,0,,1,5,12.17
2026-01-03 12:15:00,29.82,0.0,0,,1,5,12.25
2026-01-03 12:20:00,29.84,0.0,0,,1,5,12.33
2026-01-03 12:25:00,29.85,0.0,0,,1,5,12.42
2026-01-03 12:30:00,29.86,0.0,0,,1,5,12.5
2026-01-03 12:35:00,29.87,0.0,0,,1,5,12.58
2026-01-03 12:40:00,29.88,0.0,0,,1,5,12.67
2026-01-03 12:45:00,29.89,0.0,0,,1,5,12.75
2026-01-03 12:50:00,29.89,0.0,0,,1,5,12.83
2026-01-03 12:55:00,29.9,0.0,0,,1,5,12.92
2026-01-03 13:00:00,29.9,0.0,0,,1,5,13.0
2026-01-03 13:05:00,29.9,0.0,0,,1,5,13.08
2026-01-03 13:10:00,29.89,0.0,0,,1,5,13.17
2026-01-03 13:15:00,29.89,0.0,0,,1,5,13.25
2026-01-03 13:20:00,29.88,0.0,0,,1,5,13.33
2026-01-03 13:25:00,29.87,0.0,0,,1,5,13.42
2026-01-03 13:30:00,29.86,0.0,0,,1,5,13.5
2026-01-03 13:35:00,29.85,0.0,0,,1,5,13.58
2026-01-03 13:40:00,29.84,0.0,0,,1,5,13.67
2026-01-03 13:45:00,29.82,0.0,0,,1,5,13.75
2026-01-03 13:50:00,29.8,0.0,0,,1,5,13.83
2026-01-03 13:55:00,29.78,0.0,0,,1,5,13.92
2026-01-03 14:00:00,29.76,0.0,0,,1,5,14.0
2026-01-03 14:05:00,29.74,0.0,0,,1,5,14.08
2026-01-03 14:10:00,29.71,0.0,0,,1,5,14.17
2026-01-03 14:15:00,29.68,0.0,0,,1,5,14.25
2026-01-03 14:20:00,29.65,0.0,0,,1,5,14.33
2026-01-03 14:25:00,29.62,0.0,0,,1,5,14.42
2026-01-03 14:30:00,29.59,0.0,0,,1,5,14.5
2026-01-03 14:35:00,29.56,0.0,0,,1,5,14.58
2026-01-03 14:40:00,29.52,0.0,0,,1,5,14.67
2026-01-03 14:45:00,29.48,0.0,0,,1,5,14.75
2026-01-03 14:50:00,29.44,0.0,0,,1,5,14.83
2026-01-03 14:55:00,29.4,0.0,0,,1,5,14.92
2026-01-03 15:00:00,29.36,0.0,0,,1,5,15.0
2026-01-03 15:05:00,29.32,0.0,0,,1,5,15.08
2026-01-03 15:10:00,29.27,0.0,0,,1,5,15.17
2026-01-03 15:15:00,29.22,0.0,0,,1,5,15.25
2026-01-03 15:20:00,29.17,0.0,0,,1,5,15.33
2026-01-03 15:25:00,29.12,0.0,0,,1,5,15.42
2026-01-03 15:30:00,29.07,0.0,0,,1,5,15.5
2026-01-03 15:35:00,29.02,0.0,0,,1,5,15.58
2026-01-03 15:40:00,28.96,0.0,0,,1,5,15.67
2026-01-03 15:45:00,28.9,0.0,0,,1,5,15.75
2026-01-03 15:50:00,28.85,0.0,0,,1,5,15.83
2026-01-03 15:55:00,28.79,0.0,0,,1,5,15.92
2026-01-03 16:00:00,28.72,0.0,0,,1,5,16.0
2026-01-03 16:05:00,28.66,0.0,0,,1,5,16.08
2026-01-03 16:10:00,28.6,0.0,0,,1,5,16.17
2026-01-03 16:15:00,28.53,0.0,0,,1,5,16.25
2026-01-03 16:20:00,28.47,0.0,0,,1,5,16.33
2026-01-03 16:25:00,28.4,0.0,0,,1,5,16.42
2026-01-03 16:30:00,28.33,0.0,0,,1,5,16.5
2026-01-03 16:35:00,28.26,0.0,0,,1,5,16.58
2026-01-03 16:40:00,28.19,0.0,0,,1,5,16.67
2026-01-03 16:45:00,28.12,0.0,0,,1,5,16.75
2026-01-03 16:50:00,28.05,0.0,0,,1,5,16.83
2026-01-03 16:55:00,27.97,0.0,0,,1,5,16.92
2026-01-03 17:00:00,27.9,0.0,0,,1,5,17.0
2026-01-03 17:05:00,27.82,0.0,0,,1,5,17.08
2026-01-03 17:10:00,27.74,0.0,0,,1,5,17.17
2026-01-03 17:15:00,27.67,0.0,0,,1,5,17.25
2026-01-03 17:20:00,27.59,0.0,0,,1,5,17.33
2026-01-03 17:25:00,27.51,0.0,0,,1,5,17.42
2026-01-03 17:30:00,27.43,0.0,0,,1,5,17.5
2026-01-03 17:35:00,27.35,0.0,0,,1,5,17.58
2026-01-03 17:40:00,27.26,0.0,0,,1,5,17.67
2026-01-03 17:45:00,27.18,0.0,0,,1,5,17.75
2026-01-03 17:50:00,27.1,0.0,0,,1,5,17.83
2026-01-03 17:55:00,27.02,0.0,0,,1,5,17.92
2026-01-03 18:00:00,26.93,0.0,0,,1,5,18.0
2026-01-03 18:05:00,26.85,0.0,0,,1,5,18.08
2026-01-03 18:10:00,26.76,0.0,0,,1,5,18.17
2026-01-03 18:15:00,26.68,0.0,0,,1,5,18.25
2026-01-03 18:20:00,26.59,0.0,0,,1,5,18.33
2026-01-03 18:25:00,26.5,0.0,0,,1,5,18.42
2026-01-03 18:30:00,26.42,0.0,0,,1,5,18.5
2026-01-03 18:35:00,26.33,0.0,0,,1,5,18.58
2026-01-03 18:40:00,26.24,0.0,0,,1,5,18.67
2026-01-03 18:45:00,26.16,0.0,0,,1,5,18.75
2026-01-03 18:50:00,26.07,0.0,0,,1,5,18.83
2026-01-03 18:55:00,25.98,0.0,0,,1,5,18.92
2026-01-03 19:00:00,25.9,0.0,0,,1,5,19.0
2026-01-03 19:05:00,25.81,0.0,0,,1,5,19.08
2026-01-03 19:10:00,25.72,0.0,0,,1,5,19.17
2026-01-03 19:15:00,25.63,0.0,0,,1,5,19.25
2026-01-03 19:20:00,25.55,0.0,0,,1,5,19.33
2026-01-03 19:25:00,25.46,0.0,0,,1,5,19.42
2026-01-03 19:30:00,25.37,0.0,0,,1,5,19.5
2026-01-03 19:35:00,25.29,0.0,0,,1,5,19.58
2026-01-03 19:40:00,25.2,0.0,0,,1,5,19.67
2026-01-03 19:45:00,25.12,0.0,0,,1,5,19.75
2026-01-03 19:50:00,25.03,0.0,0,,1,5,19.83
2026-01-03 19:55:00,24.95,0.0,0,,1,5,19.92
2026-01-03 20:00:00,24.86,0.0,0,,1,5,20.0
2026-01-03 20:05:00,24.78,0.0,0,,1,5,20.08
2026-01-03 20:10:00,24.69,0.0,0,,1,5,20.17
2026-01-03 20:15:00,24.61,0.0,0,,1,5,20.25
2026-01-03 20:20:00,24.53,0.0,0,,1,5,20.33
2026-01-03 20:25:00,24.45,0.0,0,,1,5,20.42
2026-01-03 20:30:00,24.37,0.0,0,,1,5,20.5
2026-01-03 20:35:00,24.29,0.0,0,,1,5,20.58
2026-01-03 20:40:00,24.21,0.0,0,,1,5,20.67
2026-01-03 20:45:00,24.13,0.0,0,,1,5,20.75
2026-01-03 20:50:00,24.05,0.0,0,,1,5,20.83
2026-01-03 20:55:00,23.97,0.0,0,,1,5,20.92
2026-01-03 21:00:00,23.9,0.0,0,,1,5,21.0
2026-01-03 21:05:00,23.82,0.0,0,,1,5,21.08
2026-01-03 21:10:00,23.75,0.0,0,,1,5,21.17
2026-01-03 21:15:00,23.67,0.0,0,,1,5,21.25
2026-01-03 21:20:00,23.6,0.0,0,,1,5,21.33
2026-01-03 21:25:00,23.53,0.0,0,,1,5,21.42
2026-01-03 21:30:00,23.46,0.0,0,,1,5,21.5
2026-01-03 21:35:00,23.39,0.0,0,,1,5,21.58
2026-01-03 21:40:00,23.32,0.0,0,,1,5,21.67
2026-01-03 21:45:00,23.26,0.0,0,,1,5,21.75
2026-01-03 21:50:00,23.19,0.0,0,,1,5,21.83
2026-01-03 21:55:00,23.13,0.0,0,,1,5,21.92
2026-01-03 22:00:00,23.07,0.0,0,,1,5,22.0
2026-01-03 22:05:00,23.01,0.0,0,,1,5,22.08
2026-01-03 22:10:00,22.95,0.0,0,,1,5,22.17
2026-01-03 22:15:00,22.89,0.0,0,,1,5,22.25
2026-01-03 22:20:00,22.83,0.0,0,,1,5,22.33
2026-01-03 22:25:00,22.78,0.0,0,,1,5,22.42
2026-01-03 22:30:00,22.72,0.0,0,,1,5,22.5
2026-01-03 22:35:00,22.67,0.0,0,,1,5,22.58
2026-01-03 22:40:00,22.62,0.0,0,,1,5,22.67
2026-01-03 22:45:00,22.57,0.0,0,,1,5,22.75
2026-01-03 22:50:00,22.52,0.0,0,,1,5,22.83
2026-01-03 22:55:00,22.48,0.0,0,,1,5,22.92
2026-01-03 23:00:00,22.43,0.0,0,,1,5,23.0
2026-01-03 23:05:00,22.39,0.0,0,,1,5,23.08
2026-01-03 23:10:00,22.35,0.0,0,,1,5,23.17
2026-01-03 23:15:00,22.31,0.0,0,,1,5,23.25
2026-01-03 23:20:00,22.27,0.0,0,,1,5,23.33
2026-01-03 23:25:00,22.23,0.0,0,,1,5,23.42
2026-01-03 23:30:00,22.2,0.0,0,,1,5,23.5
2026-01-03 23:35:00,22.17,0.0,0,,1,5,23.58
2026-01-03 23:40:00,22.14,0.0,0,,1,5,23.67
2026-01-03 23:45:00,22.11,0.0,0,,1,5,23.75
2026-01-03 23:50:00,22.08,0.0,0,,1,5,23.83
2026-01-03 23:55:00,22.06,0.0,0,,1,5,23.92
2026-01-04 00:00:00,22.29,0.0,0,,1,6,0.0
2026-01-04 00:05:00,22.27,0.0,0,,1,6,0.08
2026-01-04 00:10:00,22.25,0.0,0,,1,6,0.17
2026-01-04 00:15:00,22.23,0.0,0,,1,6,0.25
2026-01-04 00:20:00,22.21,0.0,0,,1,6,0.33
2026-01-04 00:25:00,22.2,0.0,0,,1,6,0.42
2026-01-04 00:30:00,22.19,0.0,0,,1,6,0.5
2026-01-04 00:35:00,22.18,0.0,0,,1,6,0.58
2026-01-04 00:40:00,22.17,0.0,0,,1,6,0.67
2026-01-04 00:45:00,22.16,0.0,0,,1,6,0.75
2026-01-04 00:50:00,22.16,0.0,0,,1,6,0.83
2026-01-04 00:55:00,22.15,0.0,0,,1,6,0.92
2026-01-04 01:00:00,22.15,0.0,0,,1,6,1.0
2026-01-04 01:05:00,22.15,0.0,0,,1,6,1.08
2026-01-04 01:10:00,22.16,0.0,0,,1,6,1.17
2026-01-04 01:15:00,22.16,0.0,0,,1,6,1.25
2026-01-04 01:20:00,22.17,0.0,0,,1,6,1.33
2026-01-04 01:25:00,22.18,0.0,0,,1,6,1.42
2026-01-04 01:30:00,22.19,0.0,0,,1,6,1.5
2026-01-04 01:35:00,22.2,0.0,0,,1,6,1.58
2026-01-04 01:40:00,22.21,0.0,0,,1,6,1.67
2026-01-04 01:45:00,22.23,0.0,0,,1,6,1.75
2026-01-04 01:50:00,22.25,0.0,0,,1,6,1.83
2026-01-04 01:55:00,22.27,0.0,0,,1,6,1.92
2026-01-04 02:00:00,22.29,0.0,0,,1,6,2.0
2026-01-04 02:05:00,22.31,0.0,0,,1,6,2.08
2026-01-04 02:10:00,22.34,0.0,0,,1,6,2.17
2026-01-04 02:15:00,22.36,0.0,0,,1,6,2.25
2026-01-04 02:20:00,22.39,0.0,0,,1,6,2.33
2026-01-04 02:25:00,22.42,0.0,0,,1,6,2.42
2026-01-04 02:30:00,22.46,0.0,0,,1,6,2.5
2026-01-04 02:35:00,22.49,0.0,0,,1,6,2.58
2026-01-04 02:40:00,22.53,0.0,0,,1,6,2.67
2026-01-04 02:45:00,22.56,0.0,0,,1,6,2.75
2026-01-04 02:50:00,22.6,0.0,0,,1,6,2.83
2026-01-04 02:55:00,22.64,0.0,0,,1,6,2.92
2026-01-04 03:00:00,22.69,0.0,0,,1,6,3.0
2026-01-04 03:05:00,22.73,0.0,0,,1,6,3.08
2026-01-04 03:10:00,22.78,0.0,0,,1,6,3.17
2026-01-04 03:15:00,22.83,0.0,0,,1,6,3.25
2026-01-04 03:20:00,22.87,0.0,0,,1,6,3.33
2026-01-04 03:25:00,22.93,0.0,0,,1,6,3.42
2026-01-04 03:30:00,22.98,0.0,0,,1,6,3.5
2026-01-04 03:35:00,23.03,0.0,0,,1,6,3.58
2026-01-04 03:40:00,23.09,0.0,0,,1,6,3.67
2026-01-04 03:45:00,23.14,0.0,0,,1,6,3.75
2026-01-04 03:50:00,23.2,0.0,0,,1,6,3.83
2026-01-04 03:55:00,23.26,0.0,0,,1,6,3.92
2026-01-04 04:00:00,23.32,0.0,0,,1,6,4.0
2026-01-04 04:05:00,23.39,0.0,0,,1,6,4.08
2026-01-04 04:10:00,23.45,0.0,0,,1,6,4.17
2026-01-04 04:15:00,23.51,0.0,0,,1,6,4.25
2026-01-04 04:20:00,23.58,0.0,0,,1,6,4.33
2026-01-04 04:25:00,23.65,0.0,0,,1,6,4.42
2026-01-04 04:30:00,23.72,0.0,0,,1,6,4.5
2026-01-04 04:35:00,23.79,0.0,0,,1,6,4.58
2026-01-04 04:40:00,23.86,0.0,0,,1,6,4.67
2026-01-04 04:45:00,23.93,0.0,0,,1,6,4.75
2026-01-04 04:50:00,24.0,0.0,0,,1,6,4.83
2026-01-04 04:55:00,24.08,0.0,0,,1,6,4.92
2026-01-04 05:00:00,24.15,0.0,0,,1,6,5.0
2026-01-04 05:05:00,24.23,0.0,0,,1,6,5.08
2026-01-04 05:10:00,24.3,0.0,0,,1,6,5.17
2026-01-04 05:15:00,24.38,0.0,0,,1,6,5.25
2026-01-04 05:20:00,24.46,0.0,0,,1,6,5.33
2026-01-04 05:25:00,24.54,0.0,0,,1,6,5.42
2026-01-04 05:30:00,24.62,0.0,0,,1,6,5.5
2026-01-04 05:35:00,24.7,0.0,0,,1,6,5.58
2026-01-04 05:40:00,24.78,0.0,0,,1,6,5.67
2026-01-04 05:45:00,24.87,0.0,0,,1,6,5.75
2026-01-04 05:50:00,24.95,0.0,0,,1,6,5.83
2026-01-04 05:55:00,25.03,0.0,0,,1,6,5.92
2026-01-04 06:00:00,25.12,0.0,0,,1,6,6.0
2026-01-04 06:05:00,25.2,0.0,0,,1,6,6.08
2026-01-04 06:10:00,25.29,0.0,0,,1,6,6.17
2026-01-04 06:15:00,25.37,0.0,0,,1,6,6.25
2026-01-04 06:20:00,25.46,0.0,0,,1,6,6.33
2026-01-04 06:25:00,25.54,0.0,0,,1,6,6.42
2026-01-04 06:30:00,25.63,0.0,0,,1,6,6.5
2026-01-04 06:35:00,25.72,0.0,0,,1,6,6.58
2026-01-04 06:40:00,25.8,0.0,0,,1,6,6.67
2026-01-04 06:45:00,25.89,0.0,0,,1,6,6.75
2026-01-04 06:50:00,25.98,0.0,0,,1,6,6.83
2026-01-04 06:55:00,26.06,0.0,0,,1,6,6.92
2026-01-04 07:00:00,26.15,0.0,0,,1,6,7.0
2026-01-04 07:05:00,26.24,0.0,0,,1,6,7.08
2026-01-04 07:10:00,26.33,0.0,0,,1,6,7.17
2026-01-04 07:15:00,26.41,0.0,0,,1,6,7.25
2026-01-04 07:20:00,26.5,0.0,0,,1,6,7.33
2026-01-04 07:25:00,26.59,0.0,0,,1,6,7.42
2026-01-04 07:30:00,26.67,0.0,0,,1,6,7.5
2026-01-04 07:35:00,26.76,0.0,0,,1,6,7.58
2026-01-04 07:40:00,26.85,0.0,0,,1,6,7.67
2026-01-04 07:45:00,26.93,0.0,0,,1,6,7.75
2026-01-04 07:50:00,27.02,0.0,0,,1,6,7.83
2026-01-04 07:55:00,27.1,0.0,0,,1,6,7.92
2026-01-04 08:00:00,27.19,0.0,0,,1,6,8.0
2026-01-04 08:05:00,27.27,0.0,0,,1,6,8.08
2026-01-04 08:10:00,27.35,0.0,0,,1,6,8.17
2026-01-04 08:15:00,27.44,0.0,0,,1,6,8.25
2026-01-04 08:20:00,27.52,0.0,0,,1,6,8.33
2026-01-04 08:25:00,27.6,0.0,0,,1,6,8.42
2026-01-04 08:30:00,27.68,0.0,0,,1,6,8.5
2026-01-04 08:35:00,27.76,0.0,0,,1,6,8.58
2026-01-04 08:40:00,27.84,0.0,0,,1,6,8.67
2026-01-04 08:45:00,27.92,0.0,0,,1,6,8.75
2026-01-04 08:50:00,28.0,0.0,0,,1,6,8.83
2026-01-04 08:55:00,28.08,0.0,0,,1,6,8.92
2026-01-04 09:00:00,28.15,0.0,0,,1,6,9.0
2026-01-04 09:05:00,28.23,0.0,0,,1,6,9.08
2026-01-04 09:10:00,28.3,0.0,0,,1,6,9.17
2026-01-04 09:15:00,28.37,0.0,0,,1,6,9.25
2026-01-04 09:20:00,28.45,0.0,0,,1,6,9.33
2026-01-04 09:25:00,28.52,0.0,0,,1,6,9.42
2026-01-04 09:30:00,28.59,0.0,0,,1,6,9.5
2026-01-04 09:35:00,28.65,0.0,0,,1,6,9.58
2026-01-04 09:40:00,28.72,0.0,0,,1,6,9.67
2026-01-04 09:45:00,28.79,0.0,0,,1,6,9.75
2026-01-04 09:50:00,28.85,0.0,0,,1,6,9.83
2026-01-04 09:55:00,28.92,0.0,0,,1,6,9.92
2026-01-04 10:00:00,28.98,0.0,0,,1,6,10.0
2026-01-04 10:05:00,29.04,0.0,0,,1,6,10.08
2026-01-04 10:10:00,29.1,0.0,0,,1,6,10.17
2026-01-04 10:15:00,29.16,0.0,0,,1,6,10.25
2026-01-04 10:20:00,29.22,0.0,0,,1,6,10.33
2026-01-04 10:25:00,29.27,0.0,0,,1,6,10.42
2026-01-04 10:30:00,29.32,0.0,0,,1,6,10.5
2026-01-04 10:35:00,29.38,0.0,0,,1,6,10.58
2026-01-04 10:40:00,29.43,0.0,0,,1,6,10.67
2026-01-04 10:45:00,29.48,0.0,0,,1,6,10.75
2026-01-04 10:50:00,29.52,0.0,0,,1,6,10.83
2026-01-04 10:55:00,29.57,0.0,0,,1,6,10.92
2026-01-04 11:00:00,29.62,0.0,0,,1,6,11.0
2026-01-04 11:05:00,29.66,0.0,0,,1,6,11.08
2026-01-04 11:10:00,29.7,0.0,0,,1,6,11.17
2026-01-04 11:15:00,29.74,0.0,0,,1,6,11.25
2026-01-04 11:20:00,29.78,0.0,0,,1,6,11.33
2026-01-04 11:25:00,29.81,0.0,0,,1,6,11.42
2026-01-04 11:30:00,29.85,0.0,0,,1,6,11.5
2026-01-04 11:35:00,29.88,0.0,0,,1,6,11.58
2026-01-04 11:40:00,29.91,0.0,0,,1,6,11.67
2026-01-04 11:45:00,29.94,0.0,0,,1,6,11.75
2026-01-04 11:50:00,29.97,0.0,0,,1,6,11.83
2026-01-04 11:55:00,29.99,0.0,0,,1,6,11.92
2026-01-04 12:00:00,30.01,0.0,0,,1,6,12.0
2026-01-04 12:05:00,30.04,0.0,0,,1,6,12.08
2026-01-04 12:10:00,30.06,0.0,0,,1,6,12.17
2026-01-04 12:15:00,30.07,0.0,0,,1,6,12.25
2026-01-04 12:20:00,30.09,0.0,0,,1,6,12.33
2026-01-04 12:25:00,30.1,0.0,0,,1,6,12.42
2026-01-04 12:30:00,30.12,0.0,0,,1,6,12.5
2026-01-04 12:35:00,30.13,0.0,0,,1,6,12.58
2026-01-04 12:40:00,30.14,0.0,0,,1,6,12.67
2026-01-04 12:45:00,30.14,0.0,0,,1,6,12.75
2026-01-04 12:50:00,30.15,0.0,0,,1,6,12.83
2026-01-04 12:55:00,30.15,0.0,0,,1,6,12.92
2026-01-04 13:00:00,30.15,0.0,0,,1,6,13.0
2026-01-04 13:05:00,30.15,0.0,0,,1,6,13.08
2026-01-04 13:10:00,30.15,0.0,0,,1,6,13.17
2026-01-04 13:15:00,30.14,0.0,0,,1,6,13.25
2026-01-04 13:20:00,30.14,0.0,0,,1,6,13.33
2026-01-04 13:25:00,30.13,0.0,0,,1,6,13.42
2026-01-04 13:30:00,30.12,0.0,0,,1,6,13.5
2026-01-04 13:35:00,30.1,0.0,0,,1,6,13.58
2026-01-04 13:40:00,30.09,0.0,0,,1,6,13.67
2026-01-04 13:45:00,30.07,0.0,0,,1,6,13.75
2026-01-04 13:50:00,30.06,0.0,0,,1,6,13.83
2026-01-04 13:55:00,30.04,0.0,0,,1,6,13.92
2026-01-04 14:00:00,30.01,0.0,0,,1,6,14.0
2026-01-04 14:05:00,29.99,0.0,0,,1,6,14.08
2026-01-04 14:10:00,29.97,0.0,0,,1,6,14.17
2026-01-04 14:15:00,29.94,0.0,0,,1,6,14.25
2026-01-04 14:20:00,29.91,0.0,0,,1,6,14.33
2026-01-04 14:25:00,29.88,0.0,0,,1,6,14.42
2026-01-04 14:30:00,29.85,0.0,0,,1,6,14.5
2026-01-04 14:35:00,29.81,0.0,0,,1,6,14.58
2026-01-04 14:40:00,29.78,0.0,0,,1,6,14.67
2026-01-04 14:45:00,29.74,0.0,0,,1,6,14.75
2026-01-04 14:50:00,29.7,0.0,0,,1,6,14.83
2026-01-04 14:55:00,29.66,0.0,0,,1,6,14.92
2026-01-04 15:00:00,29.62,0.0,0,,1,6,15.0
2026-01-04 15:05:00,29.57,0.0,0,,1,6,15.08
2026-01-04 15:10:00,29.52,0.0,0,,1,6,15.17
2026-01-04 15:15:00,29.48,0.0,0,,1,6,15.25
2026-01-04 15:20:00,29.43,0.0,0,,1,6,15.33
2026-01-04 15:25:00,29.38,0.0,0,,1,6,15.42
2026-01-04 15:30:00,29.32,0.0,0,,1,6,15.5
2026-01-04 15:35:00,29.27,0.0,0,,1,6,15.58
2026-01-04 15:40:00,29.22,0.0,0,,1,6,15.67
2026-01-04 15:45:00,29.16,0.0,0,,1,6,15.75
2026-01-04 15:50:00,29.1,0.0,0,,1,6,15.83
2026-01-04 15:55:00,29.04,0.0,0,,1,6,15.92
2026-01-04 16:00:00,28.98,0.0,0,,1,6,16.0
2026-01-04 16:05:00,28.92,0.0,0,,1,6,16.08
2026-01-04 16:10:00,28.85,0.0,0,,1,6,16.17
2026-01-04 16:15:00,28.79,0.0,0,,1,6,16.25
2026-01-04 16:20:00,28.72,0.0,0,,1,6,16.33
2026-01-04 16:25:00,28.65,0.0,0,,1,6,16.42
2026-01-04 16:30:00,28.59,0.0,0,,1,6,16.5
2026-01-04 16:35:00,28.52,0.0,0,,1,6,16.58
2026-01-04 16:40:00,28.45,0.0,0,,1,6,16.67
2026-01-04 16:45:00,28.37,0.0,0,,1,6,16.75
2026-01-04 16:50:00,28.3,0.0,0,,1,6,16.83
2026-01-04 16:55:00,28.23,0.0,0,,1,6,16.92
2026-01-04 17:00:00,28.15,0.0,0,,1,6,17.0
2026-01-04 17:05:00,28.08,0.0,0,,1,6,17.08
2026-01-04 17:10:00,28.0,0.0,0,,1,6,17.17
2026-01-04 17:15:00,27.92,0.0,0,,1,6,17.25
2026-01-04 17:20:00,27.84,0.0,0,,1,6,17.33
2026-01-04 17:25:00,27.76,0.0,0,,1,6,17.42
2026-01-04 17:30:00,27.68,0.0,0,,1,6,17.5
2026-01-04 17:35:00,27.6,0.0,0,,1,6,17.58
2026-01-04 17:40:00,27.52,0.0,0,,1,6,17.67
2026-01-04 17:45:00,27.44,0.0,0,,1,6,17.75
2026-01-04 17:50:00,27.35,0.0,0,,1,6,17.83
2026-01-04 17:55:00,27.27,0.0,0,,1,6,17.92
2026-01-04 18:00:00,27.19,0.0,0,,1,6,18.0
2026-01-04 18:05:00,27.1,0.0,0,,1,6,18.08
2026-01-04 18:10:00,27.02,0.0,0,,1,6,18.17
2026-01-04 18:15:00,26.93,0.0,0,,1,6,18.25
2026-01-04 18:20:00,26.85,0.0,0,,1,6,18.33
2026-01-04 18:25:00,26.76,0.0,0,,1,6,18.42
2026-01-04 18:30:00,26.67,0.0,0,,1,6,18.5
2026-01-04 18:35:00,26.59,0.0,0,,1,6,18.58
2026-01-04 18:40:00,26.5,0.0,0,,1,6,18.67
2026-01-04 18:45:00,26.41,0.0,0,,1,6,18.75
2026-01-04 18:50:00,26.33,0.0,0,,1,6,18.83
2026-01-04 18:55:00,26.24,0.0,0,,1,6,18.92
2026-01-04 19:00:00,26.15,0.0,0,,1,6,19.0
2026-01-04 19:05:00,26.06,0.0,0,,1,6,19.08
2026-01-04 19:10:00,25.98,0.0,0,,1,6,19.17
2026-01-04 19:15:00,25.89,0.0,0,,1,6,19.25
2026-01-04 19:20:00,25.8,0.0,0,,1,6,19.33
2026-01-04 19:25:00,25.72,0.0,0,,1,6,19.42
2026-01-04 19:30:00,25.63,0.0,0,,1,6,19.5
2026-01-04 19:35:00,25.54,0.0,0,,1,6,19.58
2026-01-04 19:40:00,25.46,0.0,0,,1,6,19.67
2026-01-04 19:45:00,25.37,0.0,0,,1,6,19.75
2026-01-04 19:50:00,25.29,0.0,0,,1,6,19.83
2026-01-04 19:55:00,25.2,0.0,0,,1,6,19.92
2026-01-04 20:00:00,25.12,0.0,0,,1,6,20.0
2026-01-04 20:05:00,25.03,0.0,0,,1,6,20.08
2026-01-04 20:10:00,24.95,0.0,0,,1,6,20.17
2026-01-04 20:15:00,24.87,0.0,0,,1,6,20.25
2026-01-04 20:20:00,24.78,0.0,0,,1,6,20.33
2026-01-04 20:25:00,24.7,0.0,0,,1,6,20.42
2026-01-04 20:30:00,24.62,0.0,0,,1,6,20.5
2026-01-04 20:35:00,24.54,0.0,0,,1,6,20.58
2026-01-04 20:40:00,24.46,0.0,0,,1,6,20.67
2026-01-04 20:45:00,24.38,0.0,0,,1,6,20.75
2026-01-04 20:50:00,24.3,0.0,0,,1,6,20.83
2026-01-04 20:55:00,24.23,0.0,0,,1,6,20.92
2026-01-04 21:00:00,24.15,0.0,0,,1,6,21.0
2026-01-04 21:05:00,24.08,0.0,0,,1,6,21.08
2026-01-04 21:10:00,24.0,0.0,0,,1,6,21.17
2026-01-04 21:15:00,23.93,0.0,0,,1,6,21.25
2026-01-04 21:20:00,23.86,0.0,0,,1,6,21.33
2026-01-04 21:25:00,23.79,0.0,0,,1,6,21.42
2026-01-04 21:30:00,23.72,0.0,0,,1,6,21.5
2026-01-04 21:35:00,23.65,0.0,0,,1,6,21.58
2026-01-04 21:40:00,23.58,0.0,0,,1,6,21.67
2026-01-04 21:45:00,23.51,0.0,0,,1,6,21.75
2026-01-04 21:50:00,23.45,0.0,0,,1,6,21.83
2026-01-04 21:55:00,23.39,0.0,0,,1,6,21.92
2026-01-04 22:00:00,23.32,0.0,0,,1,6,22.0
2026-01-04 22:05:00,23.26,0.0,0,,1,6,22.08
2026-01-04 22:10:00,23.2,0.0,0,,1,6,22.17
2026-01-04 22:15:00,23.14,0.0,0,,1,6,22.25
2026-01-04 22:20:00,23.09,0.0,0,,1,6,22.33
2026-01-04 22:25:00,23.03,0.0,0,,1,6,22.42
2026-01-04 22:30:00,22.98,0.0,0,,1,6,22.5
2026-01-04 22:35:00,22.93,0.0,0,,1,6,22.58
2026-01-04 22:40:00,22.87,0.0,0,,1,6,22.67
2026-01-04 22:45:00,22.83,0.0,0,,1,6,22.75
2026-01-04 22:50:00,22.78,0.0,0,,1,6,22.83
2026-01-04 22:55:00,22.73,0.0,0,,1,6,22.92
2026-01-04 23:00:00,22.69,0.0,0,,1,6,23.0
2026-01-04 23:05:00,22.64,0.0,0,,1,6,23.08
2026-01-04 23:10:00,22.6,0.0,0,,1,6,23.17
2026-01-04 23:15:00,22.56,0.0,0,,1,6,23.25
2026-01-04 23:20:00,22.53,0.0,0,,1,6,23.33
2026-01-04 23:25:00,22.49,0.0,0,,1,6,23.42
2026-01-04 23:30:00,22.46,0.0,0,,1,6,23.5
2026-01-04 23:35:00,22.42,0.0,0,,1,6,23.58
2026-01-04 23:40:00,22.39,0.0,0,,1,6,23.67
2026-01-04 23:45:00,22.36,0.0,0,,1,6,23.75
2026-01-04 23:50:00,22.34,0.0,0,,1,6,23.83
2026-01-04 23:55:00,22.31,0.0,0,,1,6,23.92
2026-01-05 00:00:00,21.11,0.0,0,,0,0,0.0
2026-01-05 00:05:00,21.09,0.0,0,,0,0,0.08
2026-01-05 00:10:00,21.07,0.0,0,,0,0,0.17
2026-01-05 00:15:00,21.05,0.0,0,,0,0,0.25
2026-01-05 00:20:00,21.03,0.0,0,,0,0,0.33
2026-01-05 00:25:00,21.02,0.0,0,,0,0,0.42
2026-01-05 00:30:00,21.01,0.0,0,,0,0,0.5
2026-01-05 00:35:00,21.0,0.0,0,,0,0,0.58
2026-01-05 00:40:00,20.99,0.0,0,,0,0,0.67
2026-01-05 00:45:00,20.98,0.0,0,,0,0,0.75
2026-01-05 00:50:00,20.98,0.0,0,,0,0,0.83
2026-01-05 00:55:00,20.97,0.0,0,,0,0,0.92
2026-01-05 01:00:00,20.97,0.0,0,,0,0,1.0
2026-01-05 01:05:00,20.97,0.0,0,,0,0,1.08
2026-01-05 01:10:00,20.98,0.0,0,,0,0,1.17
2026-01-05 01:15:00,20.98,0.0,0,,0,0,1.25
2026-01-05 01:20:00,20.99,0.0,0,,0,0,1.33
2026-01-05 01:25:00,21.0,0.0,0,,0,0,1.42
2026-01-05 01:30:00,21.01,0.0,0,,0,0,1.5
2026-01-05 01:35:00,21.02,0.0,0,,0,0,1.58
2026-01-05 01:40:00,21.03,0.0,0,,0,0,1.67
2026-01-05 01:45:00,21.05,0.0,0,,0,0,1.75
2026-01-05 01:50:00,21.07,0.0,0,,0,0,1.83
2026-01-05 01:55:00,21.09,0.0,0,,0,0,1.92
2026-01-05 02:00:00,21.11,0.0,0,,0,0,2.0
2026-01-05 02:05:00,21.13,0.0,0,,0,0,2.08
2026-01-05 02:10:00,21.16,0.0,0,,0,0,2.17
2026-01-05 02:15:00,21.18,0.0,0,,0,0,2.25
2026-01-05 02:20:00,21.21,0.0,0,,0,0,2.33
2026-01-05 02:25:00,21.24,0.0,0,,0,0,2.42
2026-01-05 02:30:00,21.28,0.0,0,,0,0,2.5
2026-01-05 02:35:00,21.31,0.0,0,,0,0,2.58
2026-01-05 02:40:00,21.35,0.0,0,,0,0,2.67
2026-01-05 02:45:00,21.38,0.0,0,,0,0,2.75
2026-01-05 02:50:00,21.42,0.0,0,,0,0,2.83
2026-01-05 02:55:00,21.47,0.0,0,,0,0,2.92
2026-01-05 03:00:00,21.51,0.0,0,,0,0,3.0
2026-01-05 03:05:00,21.55,0.0,0,,0,0,3.08
2026-01-05 03:10:00,21.6,0.0,0,,0,0,3.17
2026-01-05 03:15:00,21.65,0.0,0,,0,0,3.25
2026-01-05 03:20:00,21.7,0.0,0,,0,0,3.33
2026-01-05 03:25:00,21.75,0.0,0,,0,0,3.42
2026-01-05 03:30:00,21.8,0.0,0,,0,0,3.5
2026-01-05 03:35:00,21.85,0.0,0,,0,0,3.58
2026-01-05 03:40:00,21.91,0.0,0,,0,0,3.67
2026-01-05 03:45:00,21.97,0.0,0,,0,0,3.75
2026-01-05 03:50:00,22.02,0.0,0,,0,0,3.83
2026-01-05 03:55:00,22.08,0.0,0,,0,0,3.92
2026-01-05 04:00:00,22.14,0.0,0,,0,0,4.0
2026-01-05 04:05:00,22.21,0.0,0,,0,0,4.08
2026-01-05 04:10:00,22.27,0.0,0,,0,0,4.17
2026-01-05 04:15:00,22.34,0.0,0,,0,0,4.25
2026-01-05 04:20:00,22.4,0.0,0,,0,0,4.33
2026-01-05 04:25:00,22.47,0.0,0,,0,0,4.42
2026-01-05 04:30:00,22.54,0.0,0,,0,0,4.5
2026-01-05 04:35:00,22.61,0.0,0,,0,0,4.58
2026-01-05 04:40:00,22.68,0.0,0,,0,0,4.67
2026-01-05 04:45:00,22.75,0.0,0,,0,0,4.75
2026-01-05 04:50:00,22.82,0.0,0,,0,0,4.83
2026-01-05 04:55:00,22.9,0.0,0,,0,0,4.92
2026-01-05 05:00:00,22.97,0.0,0,,0,0,5.0
2026-01-05 05:05:00,23.05,0.0,0,,0,0,5.08
2026-01-05 05:10:00,23.13,0.0,0,,0,0,5.17
2026-01-05 05:15:00,23.2,0.0,0,,0,0,5.25
2026-01-05 05:20:00,23.28,0.0,0,,0,0,5.33
2026-01-05 05:25:00,23.36,0.0,0,,0,0,5.42
2026-01-05 05:30:00,23.44,0.0,0,,0,0,5.5
2026-01-05 05:35:00,23.52,0.0,0,,0,0,5.58
2026-01-05 05:40:00,23.6,0.0,0,,0,0,5.67
2026-01-05 05:45:00,23.69,0.0,0,,0,0,5.75
2026-01-05 05:50:00,23.77,0.0,0,,0,0,5.83
2026-01-05 05:55:00,23.85,0.0,0,,0,0,5.92
2026-01-05 06:00:00,23.94,0.0,0,,0,0,6.0
2026-01-05 06:05:00,24.02,0.0,0,,0,0,6.08
2026-01-05 06:10:00,24.11,0.0,0,,0,0,6.17
2026-01-05 06:15:00,24.19,0.0,0,,0,0,6.25
2026-01-05 06:20:00,24.28,0.0,0,,0,0,6.33
2026-01-05 06:25:00,24.36,0.0,0,,0,0,6.42
2026-01-05 06:30:00,24.45,0.0,0,,0,0,6.5
2026-01-05 06:35:00,24.54,0.0,0,,0,0,6.58
2026-01-05 06:40:00,24.62,0.0,0,,0,0,6.67
2026-01-05 06:45:00,24.71,0.0,0,,0,0,6.75
2026-01-05 06:50:00,24.8,0.0,0,,0,0,6.83
2026-01-05 06:55:00,24.89,0.0,0,,0,0,6.92
2026-01-05 07:00:00,24.97,0.0,0,,0,0,7.0
2026-01-05 07:05:00,25.06,0.0,0,,0,0,7.08
2026-01-05 07:10:00,25.15,0.0,0,,0,0,7.17
2026-01-05 07:15:00,25.23,0.0,0,,0,0,7.25
2026-01-05 07:20:00,25.32,0.0,0,,0,0,7.33
2026-01-05 07:25:00,25.41,0.0,0,,0,0,7.42
2026-01-05 07:30:00,25.49,0.0,0,,0,0,7.5
2026-01-05 07:35:00,25.58,0.0,0,,0,0,7.58
2026-01-05 07:40:00,25.67,0.0,0,,0,0,7.67
2026-01-05 07:45:00,25.75,0.0,0,,0,0,7.75
2026-01-05 07:50:00,25.84,0.0,0,,0,0,7.83
2026-01-05 07:55:00,25.92,0.0,0,,0,0,7.92
2026-01-05 08:00:00,26.01,0.0,0,,0,0,8.0
2026-01-05 08:05:00,26.09,0.0,0,,0,0,8.08
2026-01-05 08:10:00,26.18,0.0,0,,0,0,8.17
2026-01-05 08:15:00,26.26,0.0,0,,0,0,8.25
2026-01-05 08:20:00,26.34,0.0,0,,0,0,8.33
2026-01-05 08:25:00,26.42,0.0,0,,0,0,8.42
2026-01-05 08:30:00,26.5,0.0,0,,0,0,8.5
2026-01-05 08:35:00,26.58,0.0,0,,0,0,8.58
2026-01-05 08:40:00,26.66,0.0,0,,0,0,8.67
2026-01-05 08:45:00,26.74,0.0,0,,0,0,8.75
2026-01-05 08:50:00,26.82,0.0,0,,0,0,8.83
2026-01-05 08:55:00,26.9,0.0,0,,0,0,8.92
2026-01-05 09:00:00,26.97,0.0,0,,0,0,9.0
2026-01-05 09:05:00,27.05,0.0,0,,0,0,9.08
2026-01-05 09:10:00,27.12,0.0,0,,0,0,9.17
2026-01-05 09:15:00,27.19,0.0,0,,0,0,9.25
2026-01-05 09:20:00,27.27,0.0,0,,0,0,9.33
2026-01-05 09:25:00,27.34,0.0,0,,0,0,9.42
2026-01-05 09:30:00,27.41,0.0,0,,0,0,9.5
2026-01-05 09:35:00,27.48,0.0,0,,0,0,9.58
2026-01-05 09:40:00,27.54,0.0,0,,0,0,9.67
2026-01-05 09:45:00,27.61,0.0,0,,0,0,9.75
2026-01-05 09:50:00,27.67,0.0,0,,0,0,9.83
2026-01-05 09:55:00,27.74,0.0,0,,0,0,9.92
2026-01-05 10:00:00,27.8,0.0,0,,0,0,10.0
2026-01-05 10:05:00,27.86,0.0,0,,0,0,10.08
2026-01-05 10:10:00,27.92,0.0,0,,0,0,10.17
2026-01-05 10:15:00,27.98,0.0,0,,0,0,10.25
2026-01-05 10:20:00,28.04,0.0,0,,0,0,10.33
2026-01-05 10:25:00,28.09,0.0,0,,0,0,10.42
2026-01-05 10:30:00,28.15,0.0,0,,0,0,10.5
2026-01-05 10:35:00,28.2,0.0,0,,0,0,10.58
2026-01-05 10:40:00,28.25,0.0,0,,0,0,10.67
2026-01-05 10:45:00,28.3,0.0,0,,0,0,10.75
2026-01-05 10:50:00,28.35,0.0,0,,0,0,10.83
2026-01-05 10:55:00,28.39,0.0,0,,0,0,10.92
2026-01-05 11:00:00,28.44,0.0,0,,0,0,11.0
2026-01-05 11:05:00,28.48,0.0,0,,0,0,11.08
2026-01-05 11:10:00,28.52,0.0,0,,0,0,11.17
2026-01-05 11:15:00,28.56,0.0,0,,0,0,11.25
2026-01-05 11:20:00,28.6,0.0,0,,0,0,11.33
2026-01-05 11:25:00,28.63,0.0,0,,0,0,11.42
2026-01-05 11:30:00,28.67,0.0,0,,0,0,11.5
2026-01-05 11:35:00,28.7,0.0,0,,0,0,11.58
2026-01-05 11:40:00,28.73,0.0,0,,0,0,11.67
2026-01-05 11:45:00,28.76,0.0,0,,0,0,11.75
2026-01-05 11:50:00,28.79,0.0,0,,0,0,11.83
2026-01-05 11:55:00,28.81,0.0,0,,0,0,11.92
2026-01-05 12:00:00,28.84,0.0,0,,0,0,12.0
2026-01-05 12:05:00,28.86,0.0,0,,0,0,12.08
2026-01-05 12:10:00,28.88,0.0,0,,0,0,12.17
2026-01-05 12:15:00,28.9,0.0,0,,0,0,12.25
2026-01-05 12:20:00,28.91,0.0,0,,0,0,12.33
2026-01-05 12:25:00,28.93,0.0,0,,0,0,12.42
2026-01-05 12:30:00,28.94,0.0,0,,0,0,12.5
2026-01-05 12:35:00,28.95,0.0,0,,0,0,12.58
2026-01-05 12:40:00,28.96,0.0,0,,0,0,12.67
2026-01-05 12:45:00,28.96,0.0,0,,0,0,12.75
2026-01-05 12:50:00,28.97,0.0,0,,0,0,12.83
2026-01-05 12:55:00,28.97,0.0,0,,0,0,12.92
2026-01-05 13:00:00,28.97,0.0,0,,0,0,13.0
2026-01-05 13:05:00,28.97,0.0,0,,0,0,13.08
2026-01-05 13:10:00,28.97,0.0,0,,0,0,13.17
2026-01-05 13:15:00,28.96,0.0,0,,0,0,13.25
2026-01-05 13:20:00,28.96,0.0,0,,0,0,13.33
2026-01-05 13:25:00,28.95,0.0,0,,0,0,13.42
2026-01-05 13:30:00,28.94,0.0,0,,0,0,13.5
2026-01-05 13:35:00,28.93,0.0,0,,0,0,13.58
2026-01-05 13:40:00,28.91,0.0,0,,0,0,13.67
2026-01-05 13:45:00,28.9,0.0,0,,0,0,13.75
2026-01-05 13:50:00,28.88,0.0,0,,0,0,13.83
2026-01-05 13:55:00,28.86,0.0,0,,0,0,13.92
2026-01-05 14:00:00,28.84,0.0,0,,0,0,14.0
2026-01-05 14:05:00,28.81,0.0,0,,0,0,14.08
2026-01-05 14:10:00,28.79,0.0,0,,0,0,14.17
2026-01-05 14:15:00,28.76,0.0,0,,0,0,14.25
2026-01-05 14:20:00,28.73,0.0,0,,0,0,14.33
2026-01-05 14:25:00,28.7,0.0,0,,0,0,14.42
2026-01-05 14:30:00,28.67,0.0,0,,0,0,14.5
2026-01-05 14:35:00,28.63,0.0,0,,0,0,14.58
2026-01-05 14:40:00,28.6,0.0,0,,0,0,14.67
2026-01-05 14:45:00,28.56,0.0,0,,0,0,14.75
2026-01-05 14:50:00,28.52,0.0,0,,0,0,14.83
2026-01-05 14:55:00,28.48,0.0,0,,0,0,14.92
2026-01-05 15:00:00,28.44,0.0,0,,0,0,15.0
2026-01-05 15:05:00,28.39,0.0,0,,0,0,15.08
2026-01-05 15:10:00,28.35,0.0,0,,0,0,15.17
2026-01-05 15:15:00,28.3,0.0,0,,0,0,15.25
2026-01-05 15:20:00,28.25,0.0,0,,0,0,15.33
2026-01-05 15:25:00,28.2,0.0,0,,0,0,15.42
2026-01-05 15:30:00,28.15,0.0,0,,0,0,15.5
2026-01-05 15:35:00,28.09,0.0,0,,0,0,15.58
2026-01-05 15:40:00,28.04,0.0,0,,0,0,15.67
2026-01-05 15:45:00,27.98,0.0,0,,0,0,15.75
2026-01-05 15:50:00,27.92,0.0,0,,0,0,15.83
2026-01-05 15:55:00,27.86,0.0,0,,0,0,15.92
2026-01-05 16:00:00,27.8,0.0,0,,0,0,16.0
2026-01-05 16:05:00,27.74,0.0,0,,0,0,16.08
2026-01-05 16:10:00,27.67,0.0,0,,0,0,16.17
2026-01-05 16:15:00,27.61,0.0,0,,0,0,16.25
2026-01-05 16:20:00,27.54,0.0,0,,0,0,16.33
2026-01-05 16:25:00,27.48,0.0,0,,0,0,16.42
2026-01-05 16:30:00,27.41,0.0,0,,0,0,16.5
2026-01-05 16:35:00,27.34,0.0,0,,0,0,16.58
2026-01-05 16:40:00,27.27,0.0,0,,0,0,16.67
2026-01-05 16:45:00,27.19,0.0,0,,0,0,16.75
2026-01-05 16:50:00,27.12,0.0,0,,0,0,16.83
2026-01-05 16:55:00,27.05,0.0,0,,0,0,16.92
2026-01-05 17:00:00,26.97,0.0,0,,0,0,17.0
2026-01-05 17:05:00,26.9,0.0,0,,0,0,17.08
2026-01-05 17:10:00,26.82,0.0,0,,0,0,17.17
2026-01-05 17:15:00,26.74,0.0,0,,0,0,17.25
2026-01-05 17:20:00,26.66,0.0,0,,0,0,17.33
2026-01-05 17:25:00,26.58,0.0,0,,0,0,17.42
2026-01-05 17:30:00,26.5,0.0,0,,0,0,17.5
2026-01-05 17:35:00,26.42,0.0,0,,0,0,17.58
2026-01-05 17:40:00,26.34,0.0,0,,0,0,17.67
2026-01-05 17:45:00,26.26,0.0,0,,0,0,17.75
2026-01-05 17:50:00,26.18,0.0,0,,0,0,17.83
2026-01-05 17:55:00,26.09,0.0,0,,0,0,17.92
2026-01-05 18:00:00,26.01,0.0,0,,0,0,18.0
2026-01-05 18:05:00,25.92,0.0,0,,0,0,18.08
2026-01-05 18:10:00,25.84,0.0,0,,0,0,18.17
2026-01-05 18:15:00,25.75,0.0,0,,0,0,18.25
2026-01-05 18:20:00,25.67,0.0,0,,0,0,18.33
2026-01-05 18:25:00,25.58,0.0,0,,0,0,18.42
2026-01-05 18:30:00,25.49,0.0,0,,0,0,18.5
2026-01-05 18:35:00,25.41,0.0,0,,0,0,18.58
2026-01-05 18:40:00,25.32,0.0,0,,0,0,18.67
2026-01-05 18:45:00,25.23,0.0,0,,0,0,18.75
2026-01-05 18:50:00,25.15,0.0,0,,0,0,18.83
2026-01-05 18:55:00,25.06,0.0,0,,0,0,18.92
2026-01-05 19:00:00,24.97,0.0,0,,0,0,19.0
2026-01-05 19:05:00,24.89,0.0,0,,0,0,19.08
2026-01-05 19:10:00,24.8,0.0,0,,0,0,19.17
2026-01-05 19:15:00,24.71,0.0,0,,0,0,19.25
2026-01-05 19:20:00,24.62,0.0,0,,0,0,19.33
2026-01-05 19:25:00,24.54,0.0,0,,0,0,19.42
2026-01-05 19:30:00,24.45,0.0,0,,0,0,19.5
2026-01-05 19:35:00,24.36,0.0,0,,0,0,19.58
2026-01-05 19:40:00,24.28,0.0,0,,0,0,19.67
2026-01-05 19:45:00,24.19,0.0,0,,0,0,19.75
2026-01-05 19:50:00,24.11,0.0,0,,0,0,19.83
2026-01-05 19:55:00,24.02,0.0,0,,0,0,19.92
2026-01-05 20:00:00,23.94,0.0,0,,0,0,20.0
2026-01-05 20:05:00,23.85,0.0,0,,0,0,20.08
2026-01-05 20:10:00,23.77,0.0,0,,0,0,20.17
2026-01-05 20:15:00,23.69,0.0,0,,0,0,20.25
2026-01-05 20:20:00,23.6,0.0,0,,0,0,20.33
2026-01-05 20:25:00,23.52,0.0,0,,0,0,20.42
2026-01-05 20:30:00,23.44,0.0,0,,0,0,20.5
2026-01-05 20:35:00,23.36,0.0,0,,0,0,20.58
2026-01-05 20:40:00,23.28,0.0,0,,0,0,20.67
2026-01-05 20:45:00,23.2,0.0,0,,0,0,20.75
2026-01-05 20:50:00,23.13,0.0,0,,0,0,20.83
2026-01-05 20:55:00,23.05,0.0,0,,0,0,20.92
2026-01-05 21:00:00,22.97,0.0,0,,0,0,21.0
2026-01-05 21:05:00,22.9,0.0,0,,0,0,21.08
2026-01-05 21:10:00,22.82,0.0,0,,0,0,21.17
2026-01-05 21:15:00,22.75,0.0,0,,0,0,21.25
2026-01-05 21:20:00,22.68,0.0,0,,0,0,21.33
2026-01-05 21:25:00,22.61,0.0,0,,0,0,21.42
2026-01-05 21:30:00,22.54,0.0,0,,0,0,21.5
2026-01-05 21:35:00,22.47,0.0,0,,0,0,21.58
2026-01-05 21:40:00,22.4,0.0,0,,0,0,21.67
2026-01-05 21:45:00,22.34,0.0,0,,0,0,21.75
2026-01-05 21:50:00,22.27,0.0,0,,0,0,21.83
2026-01-05 21:55:00,22.21,0.0,0,,0,0,21.92
2026-01-05 22:00:00,22.14,0.0,0,,0,0,22.0
2026-01-05 22:05:00,22.08,0.0,0,,0,0,22.08
2026-01-05 22:10:00,22.02,0.0,0,,0,0,22.17
2026-01-05 22:15:00,21.97,0.0,0,,0,0,22.25
2026-01-05 22:20:00,21.91,0.0,0,,0,0,22.33
2026-01-05 22:25:00,21.85,0.0,0,,0,0,22.42
2026-01-05 22:30:00,21.8,0.0,0,,0,0,22.5
2026-01-05 22:35:00,21.75,0.0,0,,0,0,22.58
2026-01-05 22:40:00,21.7,0.0,0,,0,0,22.67
2026-01-05 22:45:00,21.65,0.0,0,,0,0,22.75
2026-01-05 22:50:00,21.6,0.0,0,,0,0,22.83
2026-01-05 22:55:00,21.55,0.0,0,,0,0,22.92
2026-01-05 23:00:00,21.51,0.0,0,,0,0,23.0
2026-01-05 23:05:00,21.47,0.0,0,,0,0,23.08
2026-01-05 23:10:00,21.42,0.0,0,,0,0,23.17
2026-01-05 23:15:00,21.38,0.0,0,,0,0,23.25
2026-01-05 23:20:00,21.35,0.0,0,,0,0,23.33
2026-01-05 23:25:00,21.31,0.0,0,,0,0,23.42
2026-01-05 23:30:00,21.28,0.0,0,,0,0,23.5
2026-01-05 23:35:00,21.24,0.0,0,,0,0,23.58
2026-01-05 23:40:00,21.21,0.0,0,,0,0,23.67
2026-01-05 23:45:00,21.18,0.0,0,,0,0,23.75
2026-01-05 23:50:00,21.16,0.0,0,,0,0,23.83
2026-01-05 23:55:00,21.13,0.0,0,,0,0,23.92
2026-01-06 00:00:00,22.01,0.0,0,,0,1,0.0
2026-01-06 00:05:00,21.99,0.0,0,,0,1,0.08
2026-01-06 00:10:00,21.97,0.0,0,,0,1,0.17
2026-01-06 00:15:00,21.95,0.0,0,,0,1,0.25
2026-01-06 00:20:00,21.93,0.0,0,,0,1,0.33
2026-01-06 00:25:00,21.92,0.0,0,,0,1,0.42
2026-01-06 00:30:00,21.9,0.0,0,,0,1,0.5
2026-01-06 00:35:00,21.89,0.0,0,,0,1,0.58
2026-01-06 00:40:00,21.89,0.0,0,,0,1,0.67
2026-01-06 00:45:00,21.88,0.0,0,,0,1,0.75
2026-01-06 00:50:00,21.87,0.0,0,,0,1,0.83
2026-01-06 00:55:00,21.87,0.0,0,,0,1,0.92
2026-01-06 01:00:00,21.87,0.0,0,,0,1,1.0
2026-01-06 01:05:00,21.87,0.0,0,,0,1,1.08
2026-01-06 01:10:00,21.87,0.0,0,,0,1,1.17
2026-01-06 01:15:00,21.88,0.0,0,,0,1,1.25
2026-01-06 01:20:00,21.89,0.0,0,,0,1,1.33
2026-01-06 01:25:00,21.89,0.0,0,,0,1,1.42
2026-01-06 01:30:00,21.9,0.0,0,,0,1,1.5
2026-01-06 01:35:00,21.92,0.0,0,,0,1,1.58
2026-01-06 01:40:00,21.93,0.0,0,,0,1,1.67
2026-01-06 01:45:00,21.95,0.0,0,,0,1,1.75
2026-01-06 01:50:00,21.97,0.0,0,,0,1,1.83
2026-01-06 01:55:00,21.99,0.0,0,,0,1,1.92
2026-01-06 02:00:00,22.01,0.0,0,,0,1,2.0
2026-01-06 02:05:00,22.03,0.0,0,,0,1,2.08
2026-01-06 02:10:00,22.06,0.0,0,,0,1,2.17
2026-01-06 02:15:00,22.08,0.0,0,,0,1,2.25
2026-01-06 02:20:00,22.11,0.0,0,,0,1,2.33
2026-01-06 02:25:00,22.14,0.0,0,,0,1,2.42
2026-01-06 02:30:00,22.18,0.0,0,,0,1,2.5
2026-01-06 02:35:00,22.21,0.0,0,,0,1,2.58
2026-01-06 02:40:00,22.25,0.0,0,,0,1,2.67
2026-01-06 02:45:00,22.28,0.0,0,,0,1,2.75
2026-01-06 02:50:00,22.32,0.0,0,,0,1,2.83
2026-01-06 02:55:00,22.36,0.0,0,,0,1,2.92
2026-01-06 03:00:00,22.41,0.0,0,,0,1,3.0
2026-01-06 03:05:00,22.45,0.0,0,,0,1,3.08
2026-01-06 03:10:00,22.5,0.0,0,,0,1,3.17
2026-01-06 03:15:00,22.54,0.0,0,,0,1,3.25
2026-01-06 03:20:00,22.59,0.0,0,,0,1,3.33
2026-01-06 03:25:00,22.64,0.0,0,,0,1,3.42
2026-01-06 03:30:00,22.7,0.0,0,,0,1,3.5
2026-01-06 03:35:00,22.75,0.0,0,,0,1,3.58
2026-01-06 03:40:00,22.81,0.0,0,,0,1,3.67
2026-01-06 03:45:00,22.86,0.0,0,,0,1,3.75
2026-01-06 03:50:00,22.92,0.0,0,,0,1,3.83
2026-01-06 03:55:00,22.98,0.0,0,,0,1,3.92
2026-01-06 04:00:00,23.04,0.0,0,,0,1,4.0
2026-01-06 04:05:00,23.1,0.0,0,,0,1,4.08
2026-01-06 04:10:00,23.17,0.0,0,,0,1,4.17
2026-01-06 04:15:00,23.23,0.0,0,,0,1,4.25
2026-01-06 04:20:00,23.3,0.0,0,,0,1,4.33
2026-01-06 04:25:00,23.37,0.0,0,,0,1,4.42
2026-01-06 04:30:00,23.44,0.0,0,,0,1,4.5
2026-01-06 04:35:00,23.51,0.0,0,,0,1,4.58
2026-01-06 04:40:00,23.58,0.0,0,,0,1,4.67
2026-01-06 04:45:00,23.65,0.0,0,,0,1,4.75
2026-01-06 04:50:00,23.72,0.0,0,,0,1,4.83
2026-01-06 04:55:00,23.8,0.0,0,,0,1,4.92
2026-01-06 05:00:00,23.87,0.0,0,,0,1,5.0
2026-01-06 05:05:00,23.95,0.0,0,,0,1,5.08
2026-01-06 05:10:00,24.02,0.0,0,,0,1,5.17
2026-01-06 05:15:00,24.1,0.0,0,,0,1,5.25
2026-01-06 05:20:00,24.18,0.0,0,,0,1,5.33
2026-01-06 05:25:00,24.26,0.0,0,,0,1,5.42
2026-01-06 05:30:00,24.34,0.0,0,,0,1,5.5
2026-01-06 05:35:00,24.42,0.0,0,,0,1,5.58
2026-01-06 05:40:00,24.5,0.0,0,,0,1,5.67
2026-01-06 05:45:00,24.58,0.0,0,,0,1,5.75
2026-01-06 05:50:00,24.67,0.0,0,,0,1,5.83
2026-01-06 05:55:00,24.75,0.0,0,,0,1,5.92
2026-01-06 06:00:00,24.84,0.0,0,,0,1,6.0
2026-01-06 06:05:00,24.92,0.0,0,,0,1,6.08
2026-01-06 06:10:00,25.0,0.0,0,,0,1,6.17
2026-01-06 06:15:00,25.09,0.0,0,,0,1,6.25
2026-01-06 06:20:00,25.18,0.0,0,,0,1,6.33
2026-01-06 06:25:00,25.26,0.0,0,,0,1,6.42
2026-01-06 06:30:00,25.35,0.0,0,,0,1,6.5
2026-01-06 06:35:00,25.44,0.0,0,,0,1,6.58
2026-01-06 06:40:00,25.52,0.0,0,,0,1,6.67
2026-01-06 06:45:00,25.61,0.0,0,,0,1,6.75
2026-01-06 06:50:00,25.7,0.0,0,,0,1,6.83
2026-01-06 06:55:00,25.78,0.0,0,,0,1,6.92
2026-01-06 07:00:00,25.87,0.0,0,,0,1,7.0
2026-01-06 07:05:00,25.96,0.0,0,,0,1,7.08
2026-01-06 07:10:00,26.05,0.0,0,,0,1,7.17
2026-01-06 07:15:00,26.13,0.0,0,,0,1,7.25
2026-01-06 07:20:00,26.22,0.0,0,,0,1,7.33
2026-01-06 07:25:00,26.31,0.0,0,,0,1,7.42
2026-01-06 07:30:00,26.39,0.0,0,,0,1,7.5
2026-01-06 07:35:00,26.48,0.0,0,,0,1,7.58
2026-01-06 07:40:00,26.57,0.0,0,,0,1,7.67
2026-01-06 07:45:00,26.65,0.0,0,,0,1,7.75
2026-01-06 07:50:00,26.74,0.0,0,,0,1,7.83
2026-01-06 07:55:00,26.82,0.0,0,,0,1,7.92
2026-01-06 08:00:00,26.91,0.0,0,,0,1,8.0
2026-01-06 08:05:00,26.99,0.0,0,,0,1,8.08
2026-01-06 08:10:00,27.07,0.0,0,,0,1,8.17
2026-01-06 08:15:00,27.16,0.0,0,,0,1,8.25
2026-01-06 08:20:00,27.24,0.0,0,,0,1,8.33
2026-01-06 08:25:00,27.32,0.0,0,,0,1,8.42
2026-01-06 08:30:00,27.4,0.0,0,,0,1,8.5
2026-01-06 08:35:00,27.48,0.0,0,,0,1,8.58
2026-01-06 08:40:00,27.56,0.0,0,,0,1,8.67
2026-01-06 08:45:00,27.64,0.0,0,,0,1,8.75
2026-01-06 08:50:00,27.72,0.0,0,,0,1,8.83
2026-01-06 08:55:00,27.79,0.0,0,,0,1,8.92
2026-01-06 09:00:00,27.87,0.0,0,,0,1,9.0
2026-01-06 09:05:00,27.95,0.0,0,,0,1,9.08
2026-01-06 09:10:00,28.02,0.0,0,,0,1,9.17
2026-01-06 09:15:00,28.09,0.0,0,,0,1,9.25
2026-01-06 09:20:00,28.16,0.0,0,,0,1,9.33
2026-01-06 09:25:00,28.24,0.0,0,,0,1,9.42
2026-01-06 09:30:00,28.31,0.0,0,,0,1,9.5
2026-01-06 09:35:00,28.37,0.0,0,,0,1,9.58
2026-01-06 09:40:00,28.44,0.0,0,,0,1,9.67
2026-01-06 09:45:00,28.51,0.0,0,,0,1,9.75
2026-01-06 09:50:00,28.57,0.0,0,,0,1,9.83
2026-01-06 09:55:00,28.64,0.0,0,,0,1,9.92
2026-01-06 10:00:00,28.7,0.0,0,,0,1,10.0
2026-01-06 10:05:00,28.76,0.0,0,,0,1,10.08
2026-01-06 10:10:00,28.82,0.0,0,,0,1,10.17
2026-01-06 10:15:00,28.88,0.0,0,,0,1,10.25
2026-01-06 10:20:00,28.93,0.0,0,,0,1,10.33
2026-01-06 10:25:00,28.99,0.0,0,,0,1,10.42
2026-01-06 10:30:00,29.04,0.0,0,,0,1,10.5
2026-01-06 10:35:00,29.1,0.0,0,,0,1,10.58
2026-01-06 10:40:00,29.15,0.0,0,,0,1,10.67
2026-01-06 10:45:00,29.2,0.0,0,,0,1,10.75
2026-01-06 10:50:00,29.24,0.0,0,,0,1,10.83
2026-01-06 10:55:00,29.29,0.0,0,,0,1,10.92
2026-01-06 11:00:00,29.33,0.0,0,,0,1,11.0
2026-01-06 11:05:00,29.38,0.0,0,,0,1,11.08
2026-01-06 11:10:00,29.42,0.0,0,,0,1,11.17
2026-01-06 11:15:00,29.46,0.0,0,,0,1,11.25
2026-01-06 11:20:00,29.5,0.0,0,,0,1,11.33
2026-01-06 11:25:00,29.53,0.0,0,,0,1,11.42
2026-01-06 11:30:00,29.57,0.0,0,,0,1,11.5
2026-01-06 11:35:00,29.6,0.0,0,,0,1,11.58
2026-01-06 11:40:00,29.63,0.0,0,,0,1,11.67
2026-01-06 11:45:00,29.66,0.0,0,,0,1,11.75
2026-01-06 11:50:00,29.69,0.0,0,,0,1,11.83
2026-01-06 11:55:00,29.71,0.0,0,,0,1,11.92
2026-01-06 12:00:00,29.73,0.0,0,,0,1,12.0
2026-01-06 12:05:00,29.76,0.0,0,,0,1,12.08
2026-01-06 12:10:00,29.78,0.0,0,,0,1,12.17
2026-01-06 12:15:00,29.79,0.0,0,,0,1,12.25
2026-01-06 12:20:00,29.81,0.0,0,,0,1,12.33
2026-01-06 12:25:00,29.82,0.0,0,,0,1,12.42
2026-01-06 12:30:00,29.84,0.0,0,,0,1,12.5
2026-01-06 12:35:00,29.85,0.0,0,,0,1,12.58
2026-01-06 12:40:00,29.86,0.0,0,,0,1,12.67
2026-01-06 12:45:00,29.86,0.0,0,,0,1,12.75
2026-01-06 12:50:00,29.87,0.0,0,,0,1,12.83
2026-01-06 12:55:00,29.87,0.0,0,,0,1,12.92
2026-01-06 13:00:00,29.87,0.0,0,,0,1,13.0
2026-01-06 13:05:00,29.87,0.0,0,,0,1,13.08
2026-01-06 13:10:00,29.87,0.0,0,,0,1,13.17
2026-01-06 13:15:00,29.86,0.0,0,,0,1,13.25
2026-01-06 13:20:00,29.86,0.0,0,,0,1,13.33
2026-01-06 13:25:00,29.85,0.0,0,,0,1,13.42
2026-01-06 13:30:00,29.84,0.0,0,,0,1,13.5
2026-01-06 13:35:00,29.82,0.0,0,,0,1,13.58
2026-01-06 13:40:00,29.81,0.0,0,,0,1,13.67
2026-01-06 13:45:00,29.79,0.0,0,,0,1,13.75
2026-01-06 13:50:00,29.78,0.0,0,,0,1,13.83
2026-01-06 13:55:00,29.76,0.0,0,,0,1,13.92
2026-01-06 14:00:00,29.73,0.0,0,,0,1,14.0
2026-01-06 14:05:00,29.71,0.0,0,,0,1,14.08
2026-01-06 14:10:00,29.69,0.0,0,,0,1,14.17
2026-01-06 14:15:00,29.66,0.0,0,,0,1,14.25
2026-01-06 14:20:00,29.63,0.0,0,,0,1,14.33
2026-01-06 14:25:00,29.6,0.0,0,,0,1,14.42
2026-01-06 14:30:00,29.57,0.0,0,,0,1,14.5
2026-01-06 14:35:00,29.53,0.0,0,,0,1,14.58
2026-01-06 14:40:00,29.5,0.0,0,,0,1,14.67
2026-01-06 14:45:00,29.46,0.0,0,,0,1,14.75
2026-01-06 14:50:00,29.42,0.0,0,,0,1,14.83
2026-01-06 14:55:00,29.38,0.0,0,,0,1,14.92
2026-01-06 15:00:00,29.33,0.0,0,,0,1,15.0
2026-01-06 15:05:00,29.29,0.0,0,,0,1,15.08
2026-01-06 15:10:00,29.24,0.0,0,,0,1,15.17
2026-01-06 15:15:00,29.2,0.0,0,,0,1,15.25
2026-01-06 15:20:00,29.15,0.0,0,,0,1,15.33
2026-01-06 15:25:00,29.1,0.0,0,,0,1,15.42
2026-01-06 15:30:00,29.04,0.0,0,,0,1,15.5
2026-01-06 15:35:00,28.99,0.0,0,,0,1,15.58
2026-01-06 15:40:00,28.93,0.0,0,,0,1,15.67
2026-01-06 15:45:00,28.88,0.0,0,,0,1,15.75
2026-01-06 15:50:00,28.82,0.0,0,,0,1,15.83
2026-01-06 15:55:00,28.76,0.0,0,,0,1,15.92
2026-01-06 16:00:00,28.7,0.0,0,,0,1,16.0
2026-01-06 16:05:00,28.64,0.0,0,,0,1,16.08
2026-01-06 16:10:00,28.57,0.0,0,,0,1,16.17
2026-01-06 16:15:00,28.51,0.0,0,,0,1,16.25
2026-01-06 16:20:00,28.44,0.0,0,,0,1,16.33
2026-01-06 16:25:00,28.37,0.0,0,,0,1,16.42
2026-01-06 16:30:00,28.31,0.0,0,,0,1,16.5
2026-01-06 16:35:00,28.24,0.0,0,,0,1,16.58
2026-01-06 16:40:00,28.16,0.0,0,,0,1,16.67
2026-01-06 16:45:00,28.09,0.0,0,,0,1,16.75
2026-01-06 16:50:00,28.02,0.0,0,,0,1,16.83
2026-01-06 16:55:00,27.95,0.0,0,,0,1,16.92
2026-01-06 17:00:00,27.87,0.0,0,,0,1,17.0
2026-01-06 17:05:00,27.79,0.0,0,,0,1,17.08
2026-01-06 17:10:00,27.72,0.0,0,,0,1,17.17
2026-01-06 17:15:00,27.64,0.0,0,,0,1,17.25
2026-01-06 17:20:00,27.56,0.0,0,,0,1,17.33
2026-01-06 17:25:00,27.48,0.0,0,,0,1,17.42
2026-01-06 17:30:00,27.4,0.0,0,,0,1,17.5
2026-01-06 17:35:00,27.32,0.0,0,,0,1,17.58
2026-01-06 17:40:00,27.24,0.0,0,,0,1,17.67
2026-01-06 17:45:00,27.16,0.0,0,,0,1,17.75
2026-01-06 17:50:00,27.07,0.0,0,,0,1,17.83
2026-01-06 17:55:00,26.99,0.0,0,,0,1,17.92
2026-01-06 18:00:00,26.91,0.0,0,,0,1,18.0
2026-01-06 18:05:00,26.82,0.0,0,,0,1,18.08
2026-01-06 18:10:00,26.74,0.0,0,,0,1,18.17
2026-01-06 18:15:00,26.65,0.0,0,,0,1,18.25
2026-01-06 18:20:00,26.57,0.0,0,,0,1,18.33
2026-01-06 18:25:00,26.48,0.0,0,,0,1,18.42
2026-01-06 18:30:00,26.39,0.0,0,,0,1,18.5
2026-01-06 18:35:00,26.31,0.0,0,,0,1,18.58
2026-01-06 18:40:00,26.22,0.0,0,,0,1,18.67
2026-01-06 18:45:00,26.13,0.0,0,,0,1,18.75
2026-01-06 18:50:00,26.05,0.0,0,,0,1,18.83
2026-01-06 18:55:00,25.96,0.0,0,,0,1,18.92
2026-01-06 19:00:00,25.87,0.0,0,,0,1,19.0
2026-01-06 19:05:00,25.78,0.0,0,,0,1,19.08
2026-01-06 19:10:00,25.7,0.0,0,,0,1,19.17
2026-01-06 19:15:00,25.61,0.0,0,,0,1,19.25
2026-01-06 19:20:00,25.52,0.0,0,,0,1,19.33
2026-01-06 19:25:00,25.44,0.0,0,,0,1,19.42
2026-01-06 19:30:00,25.35,0.0,0,,0,1,19.5
2026-01-06 19:35:00,25.26,0.0,0,,0,1,19.58
2026-01-06 19:40:00,25.18,0.0,0,,0,1,19.67
2026-01-06 19:45:00,25.09,0.0,0,,0,1,19.75
2026-01-06 19:50:00,25.0,0.0,0,,0,1,19.83
2026-01-06 19:55:00,24.92,0.0,0,,0,1,19.92
2026-01-06 20:00:00,24.84,0.0,0,,0,1,20.0
2026-01-06 20:05:00,24.75,0.0,0,,0,1,20.08
2026-01-06 20:10:00,24.67,0.0,0,,0,1,20.17
2026-01-06 20:15:00,24.58,0.0,0,,0,1,20.25
2026-01-06 20:20:00,24.5,0.0,0,,0,1,20.33
2026-01-06 20:25:00,24.42,0.0,0,,0,1,20.42
2026-01-06 20:30:00,24.34,0.0,0,,0,1,20.5
2026-01-06 20:35:00,24.26,0.0,0,,0,1,20.58
2026-01-06 20:40:00,24.18,0.0,0,,0,1,20.67
2026-01-06 20:45:00,24.1,0.0,0,,0,1,20.75
2026-01-06 20:50:00,24.02,0.0,0,,0,1,20.83
2026-01-06 20:55:00,23.95,0.0,0,,0,1,20.92
2026-01-06 21:00:00,23.87,0.0,0,,0,1,21.0
2026-01-06 21:05:00,23.8,0.0,0,,0,1,21.08
2026-01-06 21:10:00,23.72,0.0,0,,0,1,21.17
2026-01-06 21:15:00,23.65,0.0,0,,0,1,21.25
2026-01-06 21:20:00,23.58,0.0,0,,0,1,21.33
2026-01-06 21:25:00,23.51,0.0,0,,0,1,21.42
2026-01-06 21:30:00,23.44,0.0,0,,0,1,21.5
2026-01-06 21:35:00,23.37,0.0,0,,0,1,21.58
2026-01-06 21:40:00,23.3,0.0,0,,0,1,21.67
2026-01-06 21:45:00,23.23,0.0,0,,0,1,21.75
2026-01-06 21:50:00,23.17,0.0,0,,0,1,21.83
2026-01-06 21:55:00,23.1,0.0,0,,0,1,21.92
2026-01-06 22:00:00,23.04,0.0,0,,0,1,22.0
2026-01-06 22:05:00,22.98,0.0,0,,0,1,22.08
2026-01-06 22:10:00,22.92,0.0,0,,0,1,22.17
2026-01-06 22:15:00,22.86,0.0,0,,0,1,22.25
2026-01-06 22:20:00,22.81,0.0,0,,0,1,22.33
2026-01-06 22:25:00,22.75,0.0,0,,0,1,22.42
2026-01-06 22:30:00,22.7,0.0,0,,0,1,22.5
2026-01-06 22:35:00,22.64,0.0,0,,0,1,22.58
2026-01-06 22:40:00,22.59,0.0,0,,0,1,22.67
2026-01-06 22:45:00,22.54,0.0,0,,0,1,22.75
2026-01-06 22:50:00,22.5,0.0,0,,0,1,22.83
2026-01-06 22:55:00,22.45,0.0,0,,0,1,22.92
2026-01-06 23:00:00,22.41,0.0,0,,0,1,23.0
2026-01-06 23:05:00,22.36,0.0,0,,0,1,23.08
2026-01-06 23:10:00,22.32,0.0,0,,0,1,23.17
2026-01-06 23:15:00,22.28,0.0,0,,0,1,23.25
2026-01-06 23:20:00,22.25,0.0,0,,0,1,23.33
2026-01-06 23:25:00,22.21,0.0,0,,0,1,23.42
2026-01-06 23:30:00,22.18,0.0,0,,0,1,23.5
2026-01-06 23:35:00,22.14,0.0,0,,0,1,23.58
2026-01-06 23:40:00,22.11,0.0,0,,0,1,23.67
2026-01-06 23:45:00,22.08,0.0,0,,0,1,23.75
2026-01-06 23:50:00,22.06,0.0,0,,0,1,23.83
2026-01-06 23:55:00,22.03,0.0,0,,0,1,23.92
2026-01-07 00:00:00,23.7,0.0,0,,0,2,0.0
2026-01-07 00:05:00,23.68,0.0,0,,0,2,0.08
2026-01-07 00:10:00,23.66,0.0,0,,0,2,0.17
2026-01-07 00:15:00,23.64,0.0,0,,0,2,0.25
2026-01-07 00:20:00,23.63,0.0,0,,0,2,0.33
2026-01-07 00:25:00,23.61,0.0,0,,0,2,0.42
2026-01-07 00:30:00,23.6,0.0,0,,0,2,0.5
2026-01-07 00:35:00,23.59,0.0,0,,0,2,0.58
2026-01-07 00:40:00,23.58,0.0,0,,0,2,0.67
2026-01-07 00:45:00,23.58,0.0,0,,0,2,0.75
2026-01-07 00:50:00,23.57,0.0,0,,0,2,0.83
2026-01-07 00:55:00,23.57,0.0,0,,0,2,0.92
2026-01-07 01:00:00,23.57,0.0,0,,0,2,1.0
2026-01-07 01:05:00,23.57,0.0,0,,0,2,1.08
2026-01-07 01:10:00,23.57,0.0,0,,0,2,1.17
2026-01-07 01:15:00,23.58,0.0,0,,0,2,1.25
2026-01-07 01:20:00,23.58,0.0,0,,0,2,1.33
2026-01-07 01:25:00,23.59,0.0,0,,0,2,1.42
2026-01-07 01:30:00,23.6,0.0,0,,0,2,1.5
2026-01-07 01:35:00,23.61,0.0,0,,0,2,1.58
2026-01-07 01:40:00,23.63,0.0,0,,0,2,1.67
2026-01-07 01:45:00,23.64,0.0,0,,0,2,1.75
2026-01-07 01:50:00,23.66,0.0,0,,0,2,1.83
2026-01-07 01:55:00,23.68,0.0,0,,0,2,1.92
2026-01-07 02:00:00,23.7,0.0,0,,0,2,2.0
2026-01-07 02:05:00,23.73,0.0,0,,0,2,2.08
2026-01-07 02:10:00,23.75,0.0,0,,0,2,2.17
2026-01-07 02:15:00,23.78,0.0,0,,0,2,2.25
2026-01-07 02:20:00,23.81,0.0,0,,0,2,2.33
2026-01-07 02:25:00,23.84,0.0,0,,0,2,2.42
2026-01-07 02:30:00,23.87,0.0,0,,0,2,2.5
2026-01-07 02:35:00,23.91,0.0,0,,0,2,2.58
2026-01-07 02:40:00,23.94,0.0,0,,0,2,2.67
2026-01-07 02:45:00,23.98,0.0,0,,0,2,2.75
2026-01-07 02:50:00,24.02,0.0,0,,0,2,2.83
2026-01-07 02:55:00,24.06,0.0,0,,0,2,2.92
2026-01-07 03:00:00,24.1,0.0,0,,0,2,3.0
2026-01-07 03:05:00,24.15,0.0,0,,0,2,3.08
2026-01-07 03:10:00,24.19,0.0,0,,0,2,3.17
2026-01-07 03:15:00,24.24,0.0,0,,0,2,3.25
2026-01-07 03:20:00,24.29,0.0,0,,0,2,3.33
2026-01-07 03:25:00,24.34,0.0,0,,0,2,3.42
2026-01-07 03:30:00,24.39,0.0,0,,0,2,3.5
2026-01-07 03:35:00,24.45,0.0,0,,0,2,3.58
2026-01-07 03:40:00,24.5,0.0,0,,0,2,3.67
2026-01-07 03:45:00,24.56,0.0,0,,0,2,3.75
2026-01-07 03:50:00,24.62,0.0,0,,0,2,3.83
2026-01-07 03:55:00,24.68,0.0,0,,0,2,3.92
2026-01-07 04:00:00,24.74,0.0,0,,0,2,4.0
2026-01-07 04:05:00,24.8,0.0,0,,0,2,4.08
2026-01-07 04:10:00,24.87,0.0,0,,0,2,4.17
2026-01-07 04:15:00,24.93,0.0,0,,0,2,4.25
2026-01-07 04:20:00,25.0,0.0,0,,0,2,4.33
2026-01-07 04:25:00,25.06,0.0,0,,0,2,4.42
2026-01-07 04:30:00,25.13,0.0,0,,0,2,4.5
2026-01-07 04:35:00,25.2,0.0,0,,0,2,4.58
2026-01-07 04:40:00,25.27,0.0,0,,0,2,4.67
2026-01-07 04:45:00,25.35,0.0,0,,0,2,4.75
2026-01-07 04:50:00,25.42,0.0,0,,0,2,4.83
2026-01-07 04:55:00,25.49,0.0,0,,0,2,4.92
2026-01-07 05:00:00,25.57,0.0,0,,0,2,5.0
2026-01-07 05:05:00,25.64,0.0,0,,0,2,5.08
2026-01-07 05:10:00,25.72,0.0,0,,0,2,5.17
2026-01-07 05:15:00,25.8,0.0,0,,0,2,5.25
2026-01-07 05:20:00,25.88,0.0,0,,0,2,5.33
2026-01-07 05:25:00,25.96,0.0,0,,0,2,5.42
2026-01-07 05:30:00,26.04,0.0,0,,0,2,5.5
2026-01-07 05:35:00,26.12,0.0,0,,0,2,5.58
2026-01-07 05:40:00,26.2,0.0,0,,0,2,5.67
2026-01-07 05:45:00,26.28,0.0,0,,0,2,5.75
2026-01-07 05:50:00,26.37,0.0,0,,0,2,5.83
2026-01-07 05:55:00,26.45,0.0,0,,0,2,5.92
2026-01-07 06:00:00,26.53,0.0,0,,0,2,6.0
2026-01-07 06:05:00,26.62,0.0,0,,0,2,6.08
2026-01-07 06:10:00,26.7,0.0,0,,0,2,6.17
2026-01-07 06:15:00,26.79,0.0,0,,0,2,6.25
2026-01-07 06:20:00,26.87,0.0,0,,0,2,6.33
2026-01-07 06:25:00,26.96,0.0,0,,0,2,6.42
2026-01-07 06:30:00,27.05,0.0,0,,0,2,6.5
2026-01-07 06:35:00,27.13,0.0,0,,0,2,6.58
2026-01-07 06:40:00,27.22,0.0,0,,0,2,6.67
2026-01-07 06:45:00,27.31,0.0,0,,0,2,6.75
2026-01-07 06:50:00,27.39,0.0,0,,0,2,6.83
2026-01-07 06:55:00,27.48,0.0,0,,0,2,6.92
2026-01-07 07:00:00,27.57,0.0,0,,0,2,7.0
2026-01-07 07:05:00,27.66,0.0,0,,0,2,7.08
2026-01-07 07:10:00,27.74,0.0,0,,0,2,7.17
2026-01-07 07:15:00,27.83,0.0,0,,0,2,7.25
2026-01-07 07:20:00,27.92,0.0,0,,0,2,7.33
2026-01-07 07:25:00,28.0,0.0,0,,0,2,7.42
2026-01-07 07:30:00,28.09,0.0,0,,0,2,7.5
2026-01-07 07:35:00,28.18,0.0,0,,0,2,7.58
2026-01-07 07:40:00,28.26,0.0,0,,0,2,7.67
2026-01-07 07:45:00,28.35,0.0,0,,0,2,7.75
2026-01-07 07:50:00,28.43,0.0,0,,0,2,7.83
2026-01-07 07:55:00,28.52,0.0,0,,0,2,7.92
2026-01-07 08:00:00,28.6,0.0,0,,0,2,8.0
2026-01-07 08:05:00,28.69,0.0,0,,0,2,8.08
2026-01-07 08:10:00,28.77,0.0,0,,0,2,8.17
2026-01-07 08:15:00,28.85,0.0,0,,0,2,8.25
2026-01-07 08:20:00,28.94,0.0,0,,0,2,8.33
2026-01-07 08:25:00,29.02,0.0,0,,0,2,8.42
2026-01-07 08:30:00,29.1,0.0,0,,0,2,8.5
2026-01-07 08:35:00,29.18,0.0,0,,0,2,8.58
2026-01-07 08:40:00,29.26,0.0,0,,0,2,8.67
2026-01-07 08:45:00,29.34,0.0,0,,0,2,8.75
2026-01-07 08:50:00,29.41,0.0,0,,0,2,8.83
2026-01-07 08:55:00,29.49,0.0,0,,0,2,8.92
2026-01-07 09:00:00,29.57,0.0,0,,0,2,9.0
2026-01-07 09:05:00,29.64,0.0,0,,0,2,9.08
2026-01-07 09:10:00,29.72,0.0,0,,0,2,9.17
2026-01-07 09:15:00,29.79,0.0,0,,0,2,9.25
2026-01-07 09:20:00,29.86,0.0,0,,0,2,9.33
2026-01-07 09:25:00,29.93,0.0,0,,0,2,9.42
2026-01-07 09:30:00,30.0,0.0,0,,0,2,9.5
2026-01-07 09:35:00,30.07,0.0,0,,0,2,9.58
2026-01-07 09:40:00,30.14,0.0,0,,0,2,9.67
2026-01-07 09:45:00,30.21,0.0,0,,0,2,9.75
2026-01-07 09:50:00,30.27,0.0,0,,0,2,9.83
2026-01-07 09:55:00,30.33,0.0,0,,0,2,9.92
2026-01-07 10:00:00,30.4,0.0,0,,0,2,10.0
2026-01-07 10:05:00,30.46,0.0,0,,0,2,10.08
2026-01-07 10:10:00,30.52,0.0,0,,0,2,10.17
2026-01-07 10:15:00,30.58,0.0,0,,0,2,10.25
2026-01-07 10:20:00,30.63,0.0,0,,0,2,10.33
2026-01-07 10:25:00,30.69,0.0,0,,0,2,10.42
2026-01-07 10:30:00,30.74,0.0,0,,0,2,10.5
2026-01-07 10:35:00,30.79,0.0,0,,0,2,10.58
2026-01-07 10:40:00,30.84,0.0,0,,0,2,10.67
2026-01-07 10:45:00,30.89,0.0,0,,0,2,10.75
2026-01-07 10:50:00,30.94,0.0,0,,0,2,10.83
2026-01-07 10:55:00,30.99,0.0,0,,0,2,10.92
2026-01-07 11:00:00,31.03,0.0,0,,0,2,11.0
2026-01-07 11:05:00,31.07,0.0,0,,0,2,11.08
2026-01-07 11:10:00,31.12,0.0,0,,0,2,11.17
2026-01-07 11:15:00,31.16,0.0,0,,0,2,11.25
2026-01-07 11:20:00,31.19,0.0,0,,0,2,11.33
2026-01-07 11:25:00,31.23,0.0,0,,0,2,11.42
2026-01-07 11:30:00,31.26,0.0,0,,0,2,11.5
2026-01-07 11:35:00,31.3,0.0,0,,0,2,11.58
2026-01-07 11:40:00,31.33,0.0,0,,0,2,11.67
2026-01-07 11:45:00,31.36,0.0,0,,0,2,11.75
2026-01-07 11:50:00,31.38,0.0,0,,0,2,11.83
2026-01-07 11:55:00,31.41,0.0,0,,0,2,11.92
2026-01-07 12:00:00,31.43,0.0,0,,0,2,12.0
2026-01-07 12:05:00,31.45,0.0,0,,0,2,12.08
2026-01-07 12:10:00,31.47,0.0,0,,0,2,12.17
2026-01-07 12:15:00,31.49,0.0,0,,0,2,12.25
2026-01-07 12:20:00,31.51,0.0,0,,0,2,12.33
2026-01-07 12:25:00,31.52,0.0,0,,0,2,12.42
2026-01-07 12:30:00,31.53,0.0,0,,0,2,12.5
2026-01-07 12:35:00,31.54,0.0,0,,0,2,12.58
2026-01-07 12:40:00,31.55,0.0,0,,0,2,12.67
2026-01-07 12:45:00,31.56,0.0,0,,0,2,12.75
2026-01-07 12:50:00,31.56,0.0,0,,0,2,12.83
2026-01-07 12:55:00,31.57,0.0,0,,0,2,12.92
2026-01-07 13:00:00,31.57,0.0,0,,0,2,13.0
2026-01-07 13:05:00,31.57,0.0,0,,0,2,13.08
2026-01-07 13:10:00,31.56,0.0,0,,0,2,13.17
2026-01-07 13:15:00,31.56,0.0,0,,0,2,13.25
2026-01-07 13:20:00,31.55,0.0,0,,0,2,13.33
2026-01-07 13:25:00,31.54,0.0,0,,0,2,13.42
2026-01-07 13:30:00,31.53,0.0,0,,0,2,13.5
2026-01-07 13:35:00,31.52,0.0,0,,0,2,13.58
2026-01-07 13:40:00,31.51,0.0,0,,0,2,13.67
2026-01-07 13:45:00,31.49,0.0,0,,0,2,13.75
2026-01-07 13:50:00,31.47,0.0,0,,0,2,13.83
2026-01-07 13:55:00,31.45,0.0,0,,0,2,13.92
2026-01-07 14:00:00,31.43,0.0,0,,0,2,14.0
2026-01-07 14:05:00,31.41,0.0,0,,0,2,14.08
2026-01-07 14:10:00,31.38,0.0,0,,0,2,14.17
2026-01-07 14:15:00,31.36,0.0,0,,0,2,14.25
2026-01-07 14:20:00,31.33,0.0,0,,0,2,14.33
2026-01-07 14:25:00,31.3,0.0,0,,0,2,14.42
2026-01-07 14:30:00,31.26,0.0,0,,0,2,14.5
2026-01-07 14:35:00,31.23,0.0,0,,0,2,14.58
2026-01-07 14:40:00,31.19,0.0,0,,0,2,14.67
2026-01-07 14:45:00,31.16,0.0,0,,0,2,14.75
2026-01-07 14:50:00,31.12,0.0,0,,0,2,14.83
2026-01-07 14:55:00,31.07,0.0,0,,0,2,14.92
2026-01-07 15:00:00,31.03,0.0,0,,0,2,15.0
2026-01-07 15:05:00,30.99,0.0,0,,0,2,15.08
2026-01-07 15:10:00,30.94,0.0,0,,0,2,15.17
2026-01-07 15:15:00,30.89,0.0,0,,0,2,15.25
2026-01-07 15:20:00,30.84,0.0,0,,0,2,15.33
2026-01-07 15:25:00,30.79,0.0,0,,0,2,15.42
2026-01-07 15:30:00,30.74,0.0,0,,0,2,15.5
2026-01-07 15:35:00,30.69,0.0,0,,0,2,15.58
2026-01-07 15:40:00,30.63,0.0,0,,0,2,15.67
2026-01-07 15:45:00,30.58,0.0,0,,0,2,15.75
2026-01-07 15:50:00,30.52,0.0,0,,0,2,15.83
2026-01-07 15:55:00,30.46,0.0,0,,0,2,15.92
2026-01-07 16:00:00,30.4,0.0,0,,0,2,16.0
2026-01-07 16:05:00,30.33,0.0,0,,0,2,16.08
2026-01-07 16:10:00,30.27,0.0,0,,0,2,16.17
2026-01-07 16:15:00,30.21,0.0,0,,0,2,16.25
2026-01-07 16:20:00,30.14,0.0,0,,0,2,16.33
2026-01-07 16:25:00,30.07,0.0,0,,0,2,16.42
2026-01-07 16:30:00,30.0,0.0,0,,0,2,16.5
2026-01-07 16:35:00,29.93,0.0,0,,0,2,16.58
2026-01-07 16:40:00,29.86,0.0,0,,0,2,16.67
2026-01-07 16:45:00,29.79,0.0,0,,0,2,16.75
2026-01-07 16:50:00,29.72,0.0,0,,0,2,16.83
2026-01-07 16:55:00,29.64,0.0,0,,0,2,16.92
2026-01-07 17:00:00,29.57,0.0,0,,0,2,17.0
2026-01-07 17:05:00,29.49,0.0,0,,0,2,17.08
2026-01-07 17:10:00,29.41,0.0,0,,0,2,17.17
2026-01-07 17:15:00,29.34,0.0,0,,0,2,17.25
2026-01-07 17:20:00,29.26,0.0,0,,0,2,17.33
2026-01-07 17:25:00,29.18,0.0,0,,0,2,17.42
2026-01-07 17:30:00,29.1,0.0,0,,0,2,17.5
2026-01-07 17:35:00,29.02,0.0,0,,0,2,17.58
2026-01-07 17:40:00,28.94,0.0,0,,0,2,17.67
2026-01-07 17:45:00,28.85,0.0,0,,0,2,17.75
2026-01-07 17:50:00,28.77,0.0,0,,0,2,17.83
2026-01-07 17:55:00,28.69,0.0,0,,0,2,17.92
2026-01-07 18:00:00,28.6,0.0,0,,0,2,18.0
2026-01-07 18:05:00,28.52,0.0,0,,0,2,18.08
2026-01-07 18:10:00,28.43,0.0,0,,0,2,18.17
2026-01-07 18:15:00,28.35,0.0,0,,0,2,18.25
2026-01-07 18:20:00,28.26,0.0,0,,0,2,18.33
2026-01-07 18:25:00,28.18,0.0,0,,0,2,18.42
2026-01-07 18:30:00,28.09,0.0,0,,0,2,18.5
2026-01-07 18:35:00,28.0,0.0,0,,0,2,18.58
2026-01-07 18:40:00,27.92,0.0,0,,0,2,18.67
2026-01-07 18:45:00,27.83,0.0,0,,0,2,18.75
2026-01-07 18:50:00,27.74,0.0,0,,0,2,18.83
2026-01-07 18:55:00,27.66,0.0,0,,0,2,18.92
2026-01-07 19:00:00,27.57,0.0,0,,0,2,19.0
2026-01-07 19:05:00,27.48,0.0,0,,0,2,19.08
2026-01-07 19:10:00,27.39,0.0,0,,0,2,19.17
2026-01-07 19:15:00,27.31,0.0,0,,0,2,19.25
2026-01-07 19:20:00,27.22,0.0,0,,0,2,19.33
2026-01-07 19:25:00,27.13,0.0,0,,0,2,19.42
2026-01-07 19:30:00,27.05,0.0,0,,0,2,19.5
2026-01-07 19:35:00,26.96,0.0,0,,0,2,19.58
2026-01-07 19:40:00,26.87,0.0,0,,0,2,19.67
2026-01-07 19:45:00,26.79,0.0,0,,0,2,19.75
2026-01-07 19:50:00,26.7,0.0,0,,0,2,19.83
2026-01-07 19:55:00,26.62,0.0,0,,0,2,19.92
2026-01-07 20:00:00,26.53,0.0,0,,0,2,20.0
2026-01-07 20:05:00,26.45,0.0,0,,0,2,20.08
2026-01-07 20:10:00,26.37,0.0,0,,0,2,20.17
2026-01-07 20:15:00,26.28,0.0,0,,0,2,20.25
2026-01-07 20:20:00,26.2,0.0,0,,0,2,20.33
2026-01-07 20:25:00,26.12,0.0,0,,0,2,20.42
2026-01-07 20:30:00,26.04,0.0,0,,0,2,20.5
2026-01-07 20:35:00,25.96,0.0,0,,0,2,20.58
2026-01-07 20:40:00,25.88,0.0,0,,0,2,20.67
2026-01-07 20:45:00,25.8,0.0,0,,0,2,20.75
2026-01-07 20:50:00,25.72,0.0,0,,0,2,20.83
2026-01-07 20:55:00,25.64,0.0,0,,0,2,20.92
2026-01-07 21:00:00,25.57,0.0,0,,0,2,21.0
2026-01-07 21:05:00,25.49,0.0,0,,0,2,21.08
2026-01-07 21:10:00,25.42,0.0,0,,0,2,21.17
2026-01-07 21:15:00,25.35,0.0,0,,0,2,21.25
2026-01-07 21:20:00,25.27,0.0,0,,0,2,21.33
2026-01-07 21:25:00,25.2,0.0,0,,0,2,21.42
2026-01-07 21:30:00,25.13,0.0,0,,0,2,21.5
2026-01-07 21:35:00,25.06,0.0,0,,0,2,21.58
2026-01-07 21:40:00,25.0,0.0,0,,0,2,21.67
2026-01-07 21:45:00,24.93,0.0,0,,0,2,21.75
2026-01-07 21:50:00,24.87,0.0,0,,0,2,21.83
2026-01-07 21:55:00,24.8,0.0,0,,0,2,21.92
2026-01-07 22:00:00,24.74,0.0,0,,0,2,22.0
2026-01-07 22:05:00,24.68,0.0,0,,0,2,22.08
2026-01-07 22:10:00,24.62,0.0,0,,0,2,22.17
2026-01-07 22:15:00,24.56,0.0,0,,0,2,22.25
2026-01-07 22:20:00,24.5,0.0,0,,0,2,22.33
2026-01-07 22:25:00,24.45,0.0,0,,0,2,22.42
2026-01-07 22:30:00,24.39,0.0,0,,0,2,22.5
2026-01-07 22:35:00,24.34,0.0,0,,0,2,22.58
2026-01-07 22:40:00,24.29,0.0,0,,0,2,22.67
2026-01-07 22:45:00,24.24,0.0,0,,0,2,22.75
2026-01-07 22:50:00,24.19,0.0,0,,0,2,22.83
2026-01-07 22:55:00,24.15,0.0,0,,0,2,22.92
2026-01-07 23:00:00,24.1,0.0,0,,0,2,23.0
2026-01-07 23:05:00,24.06,0.0,0,,0,2,23.08
2026-01-07 23:10:00,24.02,0.0,0,,0,2,23.17
2026-01-07 23:15:00,23.98,0.0,0,,0,2,23.25
2026-01-07 23:20:00,23.94,0.0,0,,0,2,23.33
2026-01-07 23:25:00,23.91,0.0,0,,0,2,23.42
2026-01-07 23:30:00,23.87,0.0,0,,0,2,23.5
2026-01-07 23:35:00,23.84,0.0,0,,0,2,23.58
2026-01-07 23:40:00,23.81,0.0,0,,0,2,23.67
2026-01-07 23:45:00,23.78,0.0,0,,0,2,23.75
2026-01-07 23:50:00,23.75,0.0,0,,0,2,23.83
2026-01-07 23:55:00,23.73,0.0,0,,0,2,23.92
2026-01-08 00:00:00,23.01,0.0,0,,0,3,0.0
2026-01-08 00:05:00,22.99,0.0,0,,0,3,0.08
2026-01-08 00:10:00,22.97,0.0,0,,0,3,0.17
2026-01-08 00:15:00,22.95,0.0,0,,0,3,0.25
2026-01-08 00:20:00,22.93,0.0,0,,0,3,0.33
2026-01-08 00:25:00,22.92,0.0,0,,0,3,0.42
2026-01-08 00:30:00,22.91,0.0,0,,0,3,0.5
2026-01-08 00:35:00,22.9,0.0,0,,0,3,0.58
2026-01-08 00:40:00,22.89,0.0,0,,0,3,0.67
2026-01-08 00:45:00,22.88,0.0,0,,0,3,0.75
2026-01-08 00:50:00,22.88,0.0,0,,0,3,0.83
2026-01-08 00:55:00,22.87,0.0,0,,0,3,0.92
2026-01-08 01:00:00,22.87,0.0,0,,0,3,1.0
2026-01-08 01:05:00,22.87,0.0,0,,0,3,1.08
2026-01-08 01:10:00,22.88,0.0,0,,0,3,1.17
2026-01-08 01:15:00,22.88,0.0,0,,0,3,1.25
2026-01-08 01:20:00,22.89,0.0,0,,0,3,1.33
2026-01-08 01:25:00,22.9,0.0,0,,0,3,1.42
2026-01-08 01:30:00,22.91,0.0,0,,0,3,1.5
2026-01-08 01:35:00,22.92,0.0,0,,0,3,1.58
2026-01-08 01:40:00,22.93,0.0,0,,0,3,1.67
2026-01-08 01:45:00,22.95,0.0,0,,0,3,1.75
2026-01-08 01:50:00,22.97,0.0,0,,0,3,1.83
2026-01-08 01:55:00,22.99,0.0,0,,0,3,1.92
2026-01-08 02:00:00,23.01,0.0,0,,0,3,2.0
2026-01-08 02:05:00,23.03,0.0,0,,0,3,2.08
2026-01-08 02:10:00,23.06,0.0,0,,0,3,2.17
2026-01-08 02:15:00,23.09,0.0,0,,0,3,2.25
2026-01-08 02:20:00,23.12,0.0,0,,0,3,2.33
2026-01-08 02:25:00,23.15,0.0,0,,0,3,2.42
2026-01-08 02:30:00,23.18,0.0,0,,0,3,2.5
2026-01-08 02:35:00,23.21,0.0,0,,0,3,2.58
2026-01-08 02:40:00,23.25,0.0,0,,0,3,2.67
2026-01-08 02:45:00,23.29,0.0,0,,0,3,2.75
2026-01-08 02:50:00,23.33,0.0,0,,0,3,2.83
2026-01-08 02:55:00,23.37,0.0,0,,0,3,2.92
2026-01-08 03:00:00,23.41,0.0,0,,0,3,3.0
2026-01-08 03:05:00,23.45,0.0,0,,0,3,3.08
2026-01-08 03:10:00,23.5,0.0,0,,0,3,3.17
2026-01-08 03:15:00,23.55,0.0,0,,0,3,3.25
2026-01-08 03:20:00,23.6,0.0,0,,0,3,3.33
2026-01-08 03:25:00,23.65,0.0,0,,0,3,3.42
2026-01-08 03:30:00,23.7,0.0,0,,0,3,3.5
2026-01-08 03:35:00,23.75,0.0,0,,0,3,3.58
2026-01-08 03:40:00,23.81,0.0,0,,0,3,3.67
2026-01-08 03:45:00,23.87,0.0,0,,0,3,3.75
2026-01-08 03:50:00,23.92,0.0,0,,0,3,3.83
2026-01-08 03:55:00,23.98,0.0,0,,0,3,3.92
2026-01-08 04:00:00,24.05,0.0,0,,0,3,4.0
2026-01-08 04:05:00,24.11,0.0,0,,0,3,4.08
2026-01-08 04:10:00,24.17,0.0,0,,0,3,4.17
2026-01-08 04:15:00,24.24,0.0,0,,0,3,4.25
2026-01-08 04:20:00,24.3,0.0,0,,0,3,4.33
2026-01-08 04:25:00,24.37,0.0,0,,0,3,4.42
2026-01-08 04:30:00,24.44,0.0,0,,0,3,4.5
2026-01-08 04:35:00,24.51,0.0,0,,0,3,4.58
2026-01-08 04:40:00,24.58,0.0,0,,0,3,4.67
2026-01-08 04:45:00,24.65,0.0,0,,0,3,4.75
2026-01-08 04:50:00,24.72,0.0,0,,0,3,4.83
2026-01-08 04:55:00,24.8,0.0,0,,0,3,4.92
2026-01-08 05:00:00,24.87,0.0,0,,0,3,5.0
2026-01-08 05:05:00,24.95,0.0,0,,0,3,5.08
2026-01-08 05:10:00,25.03,0.0,0,,0,3,5.17
2026-01-08 05:15:00,25.1,0.0,0,,0,3,5.25
2026-01-08 05:20:00,25.18,0.0,0,,0,3,5.33
2026-01-08 05:25:00,25.26,0.0,0,,0,3,5.42
2026-01-08 05:30:00,25.34,0.0,0,,0,3,5.5
2026-01-08 05:35:00,25.42,0.0,0,,0,3,5.58
2026-01-08 05:40:00,25.51,0.0,0,,0,3,5.67
2026-01-08 05:45:00,25.59,0.0,0,,0,3,5.75
2026-01-08 05:50:00,25.67,0.0,0,,0,3,5.83
2026-01-08 05:55:00,25.75,0.0,0,,0,3,5.92
2026-01-08 06:00:00,25.84,0.0,0,,0,3,6.0
2026-01-08 06:05:00,25.92,0.0,0,,0,3,6.08
2026-01-08 06:10:00,26.01,0.0,0,,0,3,6.17
2026-01-08 06:15:00,26.09,0.0,0,,0,3,6.25
2026-01-08 06:20:00,26.18,0.0,0,,0,3,6.33
2026-01-08 06:25:00,26.27,0.0,0,,0,3,6.42
2026-01-08 06:30:00,26.35,0.0,0,,0,3,6.5
2026-01-08 06:35:00,26.44,0.0,0,,0,3,6.58
2026-01-08 06:40:00,26.53,0.0,0,,0,3,6.67
2026-01-08 06:45:00,26.61,0.0,0,,0,3,6.75
2026-01-08 06:50:00,26.7,0.0,0,,0,3,6.83
2026-01-08 06:55:00,26.79,0.0,0,,0,3,6.92
2026-01-08 07:00:00,26.87,0.0,0,,0,3,7.0
2026-01-08 07:05:00,26.96,0.0,0,,0,3,7.08
2026-01-08 07:10:00,27.05,0.0,0,,0,3,7.17
2026-01-08 07:15:00,27.14,0.0,0,,0,3,7.25
2026-01-08 07:20:00,27.22,0.0,0,,0,3,7.33
2026-01-08 07:25:00,27.31,0.0,0,,0,3,7.42
2026-01-08 07:30:00,27.4,0.0,0,,0,3,7.5
2026-01-08 07:35:00,27.48,0.0,0,,0,3,7.58
2026-01-08 07:40:00,27.57,0.0,0,,0,3,7.67
2026-01-08 07:45:00,27.65,0.0,0,,0,3,7.75
2026-01-08 07:50:00,27.74,0.0,0,,0,3,7.83
2026-01-08 07:55:00,27.82,0.0,0,,0,3,7.92
2026-01-08 08:00:00,27.91,0.0,0,,0,3,8.0
2026-01-08 08:05:00,27.99,0.0,0,,0,3,8.08
2026-01-08 08:10:00,28.08,0.0,0,,0,3,8.17
2026-01-08 08:15:00,28.16,0.0,0,,0,3,8.25
2026-01-08 08:20:00,28.24,0.0,0,,0,3,8.33
2026-01-08 08:25:00,28.32,0.0,0,,0,3,8.42
2026-01-08 08:30:00,28.4,0.0,0,,0,3,8.5
2026-01-08 08:35:00,28.48,0.0,0,,0,3,8.58
2026-01-08 08:40:00,28.56,0.0,0,,0,3,8.67
2026-01-08 08:45:00,28.64,0.0,0,,0,3,8.75
2026-01-08 08:50:00,28.72,0.0,0,,0,3,8.83
2026-01-08 08:55:00,28.8,0.0,0,,0,3,8.92
2026-01-08 09:00:00,28.87,0.0,0,,0,3,9.0
2026-01-08 09:05:00,28.95,0.0,0,,0,3,9.08
2026-01-08 09:10:00,29.02,0.0,0,,0,3,9.17
2026-01-08 09:15:00,29.1,0.0,0,,0,3,9.25
2026-01-08 09:20:00,29.17,0.0,0,,0,3,9.33
2026-01-08 09:25:00,29.24,0.0,0,,0,3,9.42
2026-01-08 09:30:00,29.31,0.0,0,,0,3,9.5
2026-01-08 09:35:00,29.38,0.0,0,,0,3,9.58
2026-01-08 09:40:00,29.45,0.0,0,,0,3,9.67
2026-01-08 09:45:00,29.51,0.0,0,,0,3,9.75
2026-01-08 09:50:00,29.58,0.0,0,,0,3,9.83
2026-01-08 09:55:00,29.64,0.0,0,,0,3,9.92
2026-01-08 10:00:00,29.7,0.0,0,,0,3,10.0
2026-01-08 10:05:00,29.76,0.0,0,,0,3,10.08
2026-01-08 10:10:00,29.82,0.0,0,,0,3,10.17
2026-01-08 10:15:00,29.88,0.0,0,,0,3,10.25
2026-01-08 10:20:00,29.94,0.0,0,,0,3,10.33
2026-01-08 10:25:00,29.99,0.0,0,,0,3,10.42
2026-01-08 10:30:00,30.05,0.0,0,,0,3,10.5
2026-01-08 10:35:00,30.1,0.0,0,,0,3,10.58
2026-01-08 10:40:00,30.15,0.0,0,,0,3,10.67
2026-01-08 10:45:00,30.2,0.0,0,,0,3,10.75
2026-01-08 10:50:00,30.25,0.0,0,,0,3,10.83
2026-01-08 10:55:00,30.29,0.0,0,,0,3,10.92
2026-01-08 11:00:00,30.34,0.0,0,,0,3,11.0
2026-01-08 11:05:00,30.38,0.0,0,,0,3,11.08
2026-01-08 11:10:00,30.42,0.0,0,,0,3,11.17
2026-01-08 11:15:00,30.46,0.0,0,,0,3,11.25
2026-01-08 11:20:00,30.5,0.0,0,,0,3,11.33
2026-01-08 11:25:00,30.54,0.0,0,,0,3,11.42
2026-01-08 11:30:00,30.57,0.0,0,,0,3,11.5
2026-01-08 11:35:00,30.6,0.0,0,,0,3,11.58
2026-01-08 11:40:00,30.63,0.0,0,,0,3,11.67
2026-01-08 11:45:00,30.66,0.0,0,,0,3,11.75
2026-01-08 11:50:00,30.69,0.0,0,,0,3,11.83
2026-01-08 11:55:00,30.71,0.0,0,,0,3,11.92
2026-01-08 12:00:00,30.74,0.0,0,,0,3,12.0
2026-01-08 12:05:00,30.76,0.0,0,,0,3,12.08
2026-01-08 12:10:00,30.78,0.0,0,,0,3,12.17
2026-01-08 12:15:00,30.8,0.0,0,,0,3,12.25
2026-01-08 12:20:00,30.81,0.0,0,,0,3,12.33
2026-01-08 12:25:00,30.83,0.0,0,,0,3,12.42
2026-01-08 12:30:00,30.84,0.0,0,,0,3,12.5
2026-01-08 12:35:00,30.85,0.0,0,,0,3,12.58
2026-01-08 12:40:00,30.86,0.0,0,,0,3,12.67
2026-01-08 12:45:00,30.87,0.0,0,,0,3,12.75
2026-01-08 12:50:00,30.87,0.0,0,,0,3,12.83
2026-01-08 12:55:00,30.87,0.0,0,,0,3,12.92
2026-01-08 13:00:00,30.87,0.0,0,,0,3,13.0
2026-01-08 13:05:00,30.87,0.0,0,,0,3,13.08
2026-01-08 13:10:00,30.87,0.0,0,,0,3,13.17
2026-01-08 13:15:00,30.87,0.0,0,,0,3,13.25
2026-01-08 13:20:00,30.86,0.0,0,,0,3,13.33
2026-01-08 13:25:00,30.85,0.0,0,,0,3,13.42
2026-01-08 13:30:00,30.84,0.0,0,,0,3,13.5
2026-01-08 13:35:00,30.83,0.0,0,,0,3,13.58
2026-01-08 13:40:00,30.81,0.0,0,,0,3,13.67
2026-01-08 13:45:00,30.8,0.0,0,,0,3,13.75
2026-01-08 13:50:00,30.78,0.0,0,,0,3,13.83
2026-01-08 13:55:00,30.76,0.0,0,,0,3,13.92
2026-01-08 14:00:00,30.74,0.0,0,,0,3,14.0
2026-01-08 14:05:00,30.71,0.0,0,,0,3,14.08
2026-01-08 14:10:00,30.69,0.0,0,,0,3,14.17
2026-01-08 14:15:00,30.66,0.0,0,,0,3,14.25
2026-01-08 14:20:00,30.63,0.0,0,,0,3,14.33
2026-01-08 14:25:00,30.6,0.0,0,,0,3,14.42
2026-01-08 14:30:00,30.57,0.0,0,,0,3,14.5
2026-01-08 14:35:00,30.54,0.0,0,,0,3,14.58
2026-01-08 14:40:00,30.5,0.0,0,,0,3,14.67
2026-01-08 14:45:00,30.46,0.0,0,,0,3,14.75
2026-01-08 14:50:00,30.42,0.0,0,,0,3,14.83
2026-01-08 14:55:00,30.38,0.0,0,,0,3,14.92
2026-01-08 15:00:00,30.34,0.0,0,,0,3,15.0
2026-01-08 15:05:00,30.29,0.0,0,,0,3,15.08
2026-01-08 15:10:00,30.25,0.0,0,,0,3,15.17
2026-01-08 15:15:00,30.2,0.0,0,,0,3,15.25
2026-01-08 15:20:00,30.15,0.0,0,,0,3,15.33
2026-01-08 15:25:00,30.1,0.0,0,,0,3,15.42
2026-01-08 15:30:00,30.05,0.0,0,,0,3,15.5
2026-01-08 15:35:00,29.99,0.0,0,,0,3,15.58
2026-01-08 15:40:00,29.94,0.0,0,,0,3,15.67
2026-01-08 15:45:00,29.88,0.0,0,,0,3,15.75
2026-01-08 15:50:00,29.82,0.0,0,,0,3,15.83
2026-01-08 15:55:00,29.76,0.0,0,,0,3,15.92
2026-01-08 16:00:00,29.7,0.0,0,,0,3,16.0
2026-01-08 16:05:00,29.64,0.0,0,,0,3,16.08
2026-01-08 16:10:00,29.58,0.0,0,,0,3,16.17
2026-01-08 16:15:00,29.51,0.0,0,,0,3,16.25
2026-01-08 16:20:00,29.45,0.0,0,,0,3,16.33
2026-01-08 16:25:00,29.38,0.0,0,,0,3,16.42
2026-01-08 16:30:00,29.31,0.0,3,EVT_101_02,0,3,16.5
2026-01-08 16:35:00,29.24,0.0,3,EVT_101_02,0,3,16.58
2026-01-08 16:40:00,29.17,0.0,3,EVT_101_02,0,3,16.67
2026-01-08 16:45:00,29.1,0.0,3,EVT_101_02,0,3,16.75
2026-01-08 16:50:00,29.02,0.0,3,EVT_101_02,0,3,16.83
2026-01-08 16:55:00,28.95,0.0,3,EVT_101_02,0,3,16.92
2026-01-08 17:00:00,28.87,0.0,3,EVT_101_02,0,3,17.0
2026-01-08 17:05:00,28.8,0.0,3,EVT_101_02,0,3,17.08
2026-01-08 17:10:00,28.72,0.0,3,EVT_101_02,0,3,17.17
2026-01-08 17:15:00,28.64,0.0,3,EVT_101_02,0,3,17.25
2026-01-08 17:20:00,28.56,0.0,0,,0,3,17.33
2026-01-08 17:25:00,28.48,0.0,0,,0,3,17.42
2026-01-08 17:30:00,28.4,0.0,0,,0,3,17.5
2026-01-08 17:35:00,28.32,0.0,0,,0,3,17.58
2026-01-08 17:40:00,28.24,0.0,0,,0,3,17.67
2026-01-08 17:45:00,28.16,0.0,0,,0,3,17.75
2026-01-08 17:50:00,28.08,0.0,0,,0,3,17.83
2026-01-08 17:55:00,27.99,0.0,0,,0,3,17.92
2026-01-08 18:00:00,27.91,0.0,0,,0,3,18.0
2026-01-08 18:05:00,27.82,0.0,0,,0,3,18.08
2026-01-08 18:10:00,27.74,0.0,0,,0,3,18.17
2026-01-08 18:15:00,27.65,0.0,0,,0,3,18.25
2026-01-08 18:20:00,27.57,0.0,0,,0,3,18.33
2026-01-08 18:25:00,27.48,0.0,0,,0,3,18.42
2026-01-08 18:30:00,27.4,0.0,0,,0,3,18.5
2026-01-08 18:35:00,27.31,0.0,0,,0,3,18.58
2026-01-08 18:40:00,27.22,0.0,0,,0,3,18.67
2026-01-08 18:45:00,27.14,0.0,0,,0,3,18.75
2026-01-08 18:50:00,27.05,0.0,0,,0,3,18.83
2026-01-08 18:55:00,26.96,0.0,0,,0,3,18.92
2026-01-08 19:00:00,26.87,0.0,0,,0,3,19.0
2026-01-08 19:05:00,26.79,0.0,0,,0,3,19.08
2026-01-08 19:10:00,26.7,0.0,0,,0,3,19.17
2026-01-08 19:15:00,26.61,0.0,0,,0,3,19.25
2026-01-08 19:20:00,26.53,0.0,0,,0,3,19.33
2026-01-08 19:25:00,26.44,0.0,0,,0,3,19.42
2026-01-08 19:30:00,26.35,0.0,0,,0,3,19.5
2026-01-08 19:35:00,26.27,0.0,0,,0,3,19.58
2026-01-08 19:40:00,26.18,0.0,0,,0,3,19.67
2026-01-08 19:45:00,26.09,0.0,0,,0,3,19.75
2026-01-08 19:50:00,26.01,0.0,0,,0,3,19.83
2026-01-08 19:55:00,25.92,0.0,0,,0,3,19.92
2026-01-08 20:00:00,25.84,0.0,0,,0,3,20.0
2026-01-08 20:05:00,25.75,0.0,0,,0,3,20.08
2026-01-08 20:10:00,25.67,0.0,0,,0,3,20.17
2026-01-08 20:15:00,25.59,0.0,0,,0,3,20.25
2026-01-08 20:20:00,25.51,0.0,0,,0,3,20.33
2026-01-08 20:25:00,25.42,0.0,0,,0,3,20.42
2026-01-08 20:30:00,25.34,0.0,0,,0,3,20.5
2026-01-08 20:35:00,25.26,0.0,0,,0,3,20.58
2026-01-08 20:40:00,25.18,0.0,0,,0,3,20.67
2026-01-08 20:45:00,25.1,0.0,0,,0,3,20.75
2026-01-08 20:50:00,25.03,0.0,0,,0,3,20.83
2026-01-08 20:55:00,24.95,0.0,0,,0,3,20.92
2026-01-08 21:00:00,24.87,0.0,0,,0,3,21.0
2026-01-08 21:05:00,24.8,0.0,0,,0,3,21.08
2026-01-08 21:10:00,24.72,0.0,0,,0,3,21.17
2026-01-08 21:15:00,24.65,0.0,0,,0,3,21.25
2026-01-08 21:20:00,24.58,0.0,0,,0,3,21.33
2026-01-08 21:25:00,24.51,0.0,0,,0,3,21.42
2026-01-08 21:30:00,24.44,0.0,0,,0,3,21.5
2026-01-08 21:35:00,24.37,0.0,0,,0,3,21.58
2026-01-08 21:40:00,24.3,0.0,0,,0,3,21.67
2026-01-08 21:45:00,24.24,0.0,0,,0,3,21.75
2026-01-08 21:50:00,24.17,0.0,0,,0,3,21.83
2026-01-08 21:55:00,24.11,0.0,0,,0,3,21.92
2026-01-08 22:00:00,24.05,0.0,0,,0,3,22.0
2026-01-08 22:05:00,23.98,0.0,0,,0,3,22.08
2026-01-08 22:10:00,23.92,0.0,0,,0,3,22.17
2026-01-08 22:15:00,23.87,0.0,0,,0,3,22.25
2026-01-08 22:20:00,23.81,0.0,0,,0,3,22.33
2026-01-08 22:25:00,23.75,0.0,0,,0,3,22.42
2026-01-08 22:30:00,23.7,0.0,0,,0,3,22.5
2026-01-08 22:35:00,23.65,0.0,0,,0,3,22.58
2026-01-08 22:40:00,23.6,0.0,0,,0,3,22.67
2026-01-08 22:45:00,23.55,0.0,0,,0,3,22.75
2026-01-08 22:50:00,23.5,0.0,0,,0,3,22.83
2026-01-08 22:55:00,23.45,0.0,0,,0,3,22.92
2026-01-08 23:00:00,23.41,0.0,0,,0,3,23.0
2026-01-08 23:05:00,23.37,0.0,0,,0,3,23.08
2026-01-08 23:10:00,23.33,0.0,0,,0,3,23.17
2026-01-08 23:15:00,23.29,0.0,0,,0,3,23.25
2026-01-08 23:20:00,23.25,0.0,0,,0,3,23.33
2026-01-08 23:25:00,23.21,0.0,0,,0,3,23.42
2026-01-08 23:30:00,23.18,0.0,0,,0,3,23.5
2026-01-08 23:35:00,23.15,0.0,0,,0,3,23.58
2026-01-08 23:40:00,23.12,0.0,0,,0,3,23.67
2026-01-08 23:45:00,23.09,0.0,0,,0,3,23.75
2026-01-08 23:50:00,23.06,0.0,0,,0,3,23.83
2026-01-08 23:55:00,23.03,0.0,0,,0,3,23.92
2026-01-09 00:00:00,22.67,0.0,0,,0,4,0.0
2026-01-09 00:05:00,22.65,0.0,0,,0,4,0.08
2026-01-09 00:10:00,22.63,0.0,0,,0,4,0.17
2026-01-09 00:15:00,22.61,0.0,0,,0,4,0.25
2026-01-09 00:20:00,22.6,0.0,0,,0,4,0.33
2026-01-09 00:25:00,22.58,0.0,0,,0,4,0.42
2026-01-09 00:30:00,22.57,0.0,0,,0,4,0.5
2026-01-09 00:35:00,22.56,0.0,0,,0,4,0.58
2026-01-09 00:40:00,22.55,0.0,0,,0,4,0.67
2026-01-09 00:45:00,22.54,0.0,0,,0,4,0.75
2026-01-09 00:50:00,22.54,0.0,0,,0,4,0.83
2026-01-09 00:55:00,22.54,0.0,0,,0,4,0.92
2026-01-09 01:00:00,22.54,0.0,0,,0,4,1.0
2026-01-09 01:05:00,22.54,0.0,0,,0,4,1.08
2026-01-09 01:10:00,22.54,0.0,0,,0,4,1.17
2026-01-09 01:15:00,22.54,0.0,0,,0,4,1.25
2026-01-09 01:20:00,22.55,0.0,0,,0,4,1.33
2026-01-09 01:25:00,22.56,0.0,0,,0,4,1.42
2026-01-09 01:30:00,22.57,0.0,0,,0,4,1.5
2026-01-09 01:35:00,22.58,0.0,0,,0,4,1.58
2026-01-09 01:40:00,22.6,0.0,0,,0,4,1.67
2026-01-09 01:45:00,22.61,0.0,0,,0,4,1.75
2026-01-09 01:50:00,22.63,0.0,0,,0,4,1.83
2026-01-09 01:55:00,22.65,0.0,0,,0,4,1.92
2026-01-09 02:00:00,22.67,0.0,0,,0,4,2.0
2026-01-09 02:05:00,22.7,0.0,0,,0,4,2.08
2026-01-09 02:10:00,22.72,0.0,0,,0,4,2.17
2026-01-09 02:15:00,22.75,0.0,0,,0,4,2.25
2026-01-09 02:20:00,22.78,0.0,0,,0,4,2.33
2026-01-09 02:25:00,22.81,0.0,0,,0,4,2.42
2026-01-09 02:30:00,22.84,0.0,0,,0,4,2.5
2026-01-09 02:35:00,22.87,0.0,0,,0,4,2.58
2026-01-09 02:40:00,22.91,0.0,0,,0,4,2.67
2026-01-09 02:45:00,22.95,0.0,0,,0,4,2.75
2026-01-09 02:50:00,22.99,0.0,0,,0,4,2.83
2026-01-09 02:55:00,23.03,0.0,0,,0,4,2.92
2026-01-09 03:00:00,23.07,0.0,0,,0,4,3.0
2026-01-09 03:05:00,23.12,0.0,0,,0,4,3.08
2026-01-09 03:10:00,23.16,0.0,0,,0,4,3.17
2026-01-09 03:15:00,23.21,0.0,0,,0,4,3.25
2026-01-09 03:20:00,23.26,0.0,0,,0,4,3.33
2026-01-09 03:25:00,23.31,0.0,0,,0,4,3.42
2026-01-09 03:30:00,23.36,0.0,0,,0,4,3.5
2026-01-09 03:35:00,23.42,0.0,0,,0,4,3.58
2026-01-09 03:40:00,23.47,0.0,0,,0,4,3.67
2026-01-09 03:45:00,23.53,0.0,0,,0,4,3.75
2026-01-09 03:50:00,23.59,0.0,0,,0,4,3.83
2026-01-09 03:55:00,23.65,0.0,0,,0,4,3.92
2026-01-09 04:00:00,23.71,0.0,0,,0,4,4.0
2026-01-09 04:05:00,23.77,0.0,0,,0,4,4.08
2026-01-09 04:10:00,23.83,0.0,0,,0,4,4.17
2026-01-09 04:15:00,23.9,0.0,0,,0,4,4.25
2026-01-09 04:20:00,23.96,0.0,0,,0,4,4.33
2026-01-09 04:25:00,24.03,0.0,0,,0,4,4.42
2026-01-09 04:30:00,24.1,0.0,0,,0,4,4.5
2026-01-09 04:35:00,24.17,0.0,0,,0,4,4.58
2026-01-09 04:40:00,24.24,0.0,0,,0,4,4.67
2026-01-09 04:45:00,24.31,0.0,0,,0,4,4.75
2026-01-09 04:50:00,24.39,0.0,0,,0,4,4.83
2026-01-09 04:55:00,24.46,0.0,0,,0,4,4.92
2026-01-09 05:00:00,24.54,0.0,0,,0,4,5.0
2026-01-09 05:05:00,24.61,0.0,0,,0,4,5.08
2026-01-09 05:10:00,24.69,0.0,0,,0,4,5.17
2026-01-09 05:15:00,24.77,0.0,0,,0,4,5.25
2026-01-09 05:20:00,24.85,0.0,0,,0,4,5.33
2026-01-09 05:25:00,24.92,0.0,0,,0,4,5.42
2026-01-09 05:30:00,25.0,0.0,0,,0,4,5.5
2026-01-09 05:35:00,25.09,0.0,0,,0,4,5.58
2026-01-09 05:40:00,25.17,0.0,0,,0,4,5.67
2026-01-09 05:45:00,25.25,0.0,0,,0,4,5.75
2026-01-09 05:50:00,25.33,0.0,0,,0,4,5.83
2026-01-09 05:55:00,25.42,0.0,0,,0,4,5.92
2026-01-09 06:00:00,25.5,0.0,0,,0,4,6.0
2026-01-09 06:05:00,25.58,0.0,0,,0,4,6.08
2026-01-09 06:10:00,25.67,0.0,0,,0,4,6.17
2026-01-09 06:15:00,25.76,0.0,0,,0,4,6.25
2026-01-09 06:20:00,25.84,0.0,0,,0,4,6.33
2026-01-09 06:25:00,25.93,0.0,0,,0,4,6.42
2026-01-09 06:30:00,26.01,0.0,0,,0,4,6.5
2026-01-09 06:35:00,26.1,0.0,0,,0,4,6.58
2026-01-09 06:40:00,26.19,0.0,0,,0,4,6.67
2026-01-09 06:45:00,26.27,0.0,0,,0,4,6.75
2026-01-09 06:50:00,26.36,0.0,0,,0,4,6.83
2026-01-09 06:55:00,26.45,0.0,0,,0,4,6.92
2026-01-09 07:00:00,26.54,0.0,0,,0,4,7.0
2026-01-09 07:05:00,26.62,0.0,0,,0,4,7.08
2026-01-09 07:10:00,26.71,0.0,0,,0,4,7.17
2026-01-09 07:15:00,26.8,0.0,0,,0,4,7.25
2026-01-09 07:20:00,26.88,0.0,0,,0,4,7.33
2026-01-09 07:25:00,26.97,0.0,0,,0,4,7.42
2026-01-09 07:30:00,27.06,0.0,0,,0,4,7.5
2026-01-09 07:35:00,27.14,0.0,0,,0,4,7.58
2026-01-09 07:40:00,27.23,0.0,0,,0,4,7.67
2026-01-09 07:45:00,27.32,0.0,0,,0,4,7.75
2026-01-09 07:50:00,27.4,0.0,0,,0,4,7.83
2026-01-09 07:55:00,27.49,0.0,0,,0,4,7.92
2026-01-09 08:00:00,27.57,0.0,0,,0,4,8.0
2026-01-09 08:05:00,27.65,0.0,0,,0,4,8.08
2026-01-09 08:10:00,27.74,0.0,0,,0,4,8.17
2026-01-09 08:15:00,27.82,0.0,0,,0,4,8.25
2026-01-09 08:20:00,27.9,0.0,0,,0,4,8.33
2026-01-09 08:25:00,27.99,0.0,0,,0,4,8.42
2026-01-09 08:30:00,28.07,0.0,0,,0,4,8.5
2026-01-09 08:35:00,28.15,0.0,0,,0,4,8.58
2026-01-09 08:40:00,28.23,0.0,0,,0,4,8.67
2026-01-09 08:45:00,28.3,0.0,0,,0,4,8.75
2026-01-09 08:50:00,28.38,0.0,0,,0,4,8.83
2026-01-09 08:55:00,28.46,0.0,0,,0,4,8.92
2026-01-09 09:00:00,28.54,0.0,0,,0,4,9.0
2026-01-09 09:05:00,28.61,0.0,0,,0,4,9.08
2026-01-09 09:10:00,28.68,0.0,0,,0,4,9.17
2026-01-09 09:15:00,28.76,0.0,0,,0,4,9.25
2026-01-09 09:20:00,28.83,0.0,0,,0,4,9.33
2026-01-09 09:25:00,28.9,0.0,0,,0,4,9.42
2026-01-09 09:30:00,28.97,0.0,0,,0,4,9.5
2026-01-09 09:35:00,29.04,0.0,0,,0,4,9.58
2026-01-09 09:40:00,29.11,0.0,0,,0,4,9.67
2026-01-09 09:45:00,29.17,0.0,0,,0,4,9.75
2026-01-09 09:50:00,29.24,0.0,0,,0,4,9.83
2026-01-09 09:55:00,29.3,0.0,0,,0,4,9.92
2026-01-09 10:00:00,29.36,0.0,0,,0,4,10.0
2026-01-09 10:05:00,29.43,0.0,0,,0,4,10.08
2026-01-09 10:10:00,29.48,0.0,0,,0,4,10.17
2026-01-09 10:15:00,29.54,0.0,0,,0,4,10.25
2026-01-09 10:20:00,29.6,0.0,0,,0,4,10.33
2026-01-09 10:25:00,29.66,0.0,0,,0,4,10.42
2026-01-09 10:30:00,29.71,0.0,0,,0,4,10.5
2026-01-09 10:35:00,29.76,0.0,0,,0,4,10.58
2026-01-09 10:40:00,29.81,0.0,0,,0,4,10.67
2026-01-09 10:45:00,29.86,0.0,0,,0,4,10.75
2026-01-09 10:50:00,29.91,0.0,0,,0,4,10.83
2026-01-09 10:55:00,29.96,0.0,0,,0,4,10.92
2026-01-09 11:00:00,30.0,0.0,0,,0,4,11.0
2026-01-09 11:05:00,30.04,0.0,0,,0,4,11.08
2026-01-09 11:10:00,30.08,0.0,0,,0,4,11.17
2026-01-09 11:15:00,30.12,0.0,0,,0,4,11.25
2026-01-09 11:20:00,30.16,0.0,0,,0,4,11.33
2026-01-09 11:25:00,30.2,0.0,0,,0,4,11.42
2026-01-09 11:30:00,30.23,0.0,0,,0,4,11.5
2026-01-09 11:35:00,30.26,0.0,0,,0,4,11.58
2026-01-09 11:40:00,30.29,0.0,0,,0,4,11.67
2026-01-09 11:45:00,30.32,0.0,0,,0,4,11.75
2026-01-09 11:50:00,30.35,0.0,0,,0,4,11.83
2026-01-09 11:55:00,30.38,0.0,0,,0,4,11.92
2026-01-09 12:00:00,30.4,0.0,0,,0,4,12.0
2026-01-09 12:05:00,30.42,0.0,0,,0,4,12.08
2026-01-09 12:10:00,30.44,0.0,0,,0,4,12.17
2026-01-09 12:15:00,30.46,0.0,0,,0,4,12.25
2026-01-09 12:20:00,30.47,0.0,0,,0,4,12.33
2026-01-09 12:25:00,30.49,0.0,0,,0,4,12.42
2026-01-09 12:30:00,30.5,0.0,0,,0,4,12.5
2026-01-09 12:35:00,30.51,0.0,0,,0,4,12.58
2026-01-09 12:40:00,30.52,0.0,0,,0,4,12.67
2026-01-09 12:45:00,30.53,0.0,0,,0,4,12.75
2026-01-09 12:50:00,30.53,0.0,0,,0,4,12.83
2026-01-09 12:55:00,30.53,0.0,0,,0,4,12.92
2026-01-09 13:00:00,30.54,0.478,0,,0,4,13.0
2026-01-09 13:05:00,30.53,0.478,0,,0,4,13.08
2026-01-09 13:10:00,30.53,0.478,0,,0,4,13.17
2026-01-09 13:15:00,30.53,0.478,0,,0,4,13.25
2026-01-09 13:20:00,30.52,0.478,0,,0,4,13.33
2026-01-09 13:25:00,30.51,0.478,0,,0,4,13.42
2026-01-09 13:30:00,30.5,0.478,0,,0,4,13.5
2026-01-09 13:35:00,30.49,0.478,0,,0,4,13.58
2026-01-09 13:40:00,30.47,0.478,0,,0,4,13.67
2026-01-09 13:45:00,30.46,0.478,0,,0,4,13.75
2026-01-09 13:50:00,30.44,0.478,0,,0,4,13.83
2026-01-09 13:55:00,30.42,0.478,0,,0,4,13.92
2026-01-09 14:00:00,30.4,0.478,0,,0,4,14.0
2026-01-09 14:05:00,30.38,0.478,0,,0,4,14.08
2026-01-09 14:10:00,30.35,0.478,0,,0,4,14.17
2026-01-09 14:15:00,30.32,0.478,0,,0,4,14.25
2026-01-09 14:20:00,30.29,0.478,0,,0,4,14.33
2026-01-09 14:25:00,30.26,0.478,0,,0,4,14.42
2026-01-09 14:30:00,30.23,0.478,0,,0,4,14.5
2026-01-09 14:35:00,30.2,0.478,0,,0,4,14.58
2026-01-09 14:40:00,30.16,0.478,0,,0,4,14.67
2026-01-09 14:45:00,30.12,0.478,0,,0,4,14.75
2026-01-09 14:50:00,30.08,0.478,0,,0,4,14.83
2026-01-09 14:55:00,30.04,0.478,0,,0,4,14.92
2026-01-09 15:00:00,30.0,0.478,0,,0,4,15.0
2026-01-09 15:05:00,29.96,0.478,0,,0,4,15.08
2026-01-09 15:10:00,29.91,0.478,0,,0,4,15.17
2026-01-09 15:15:00,29.86,0.478,0,,0,4,15.25
2026-01-09 15:20:00,29.81,0.478,0,,0,4,15.33
2026-01-09 15:25:00,29.76,0.478,0,,0,4,15.42
2026-01-09 15:30:00,29.71,0.478,0,,0,4,15.5
2026-01-09 15:35:00,29.66,0.478,0,,0,4,15.58
2026-01-09 15:40:00,29.6,0.478,0,,0,4,15.67
2026-01-09 15:45:00,29.54,0.478,0,,0,4,15.75
2026-01-09 15:50:00,29.48,0.478,0,,0,4,15.83
2026-01-09 15:55:00,29.43,0.478,0,,0,4,15.92
2026-01-09 16:00:00,29.36,0.478,0,,0,4,16.0
2026-01-09 16:05:00,29.3,0.478,0,,0,4,16.08
2026-01-09 16:10:00,29.24,0.478,0,,0,4,16.17
2026-01-09 16:15:00,29.17,0.478,0,,0,4,16.25
2026-01-09 16:20:00,29.11,0.478,0,,0,4,16.33
2026-01-09 16:25:00,29.04,0.478,0,,0,4,16.42
2026-01-09 16:30:00,28.97,0.478,0,,0,4,16.5
2026-01-09 16:35:00,28.9,0.478,0,,0,4,16.58
2026-01-09 16:40:00,28.83,0.478,0,,0,4,16.67
2026-01-09 16:45:00,28.76,0.478,0,,0,4,16.75
2026-01-09 16:50:00,28.68,0.478,0,,0,4,16.83
2026-01-09 16:55:00,28.61,0.478,0,,0,4,16.92
2026-01-09 17:00:00,28.54,0.0,0,,0,4,17.0
2026-01-09 17:05:00,28.46,0.0,0,,0,4,17.08
2026-01-09 17:10:00,28.38,0.0,0,,0,4,17.17
2026-01-09 17:15:00,28.3,0.0,0,,0,4,17.25
2026-01-09 17:20:00,28.23,0.0,0,,0,4,17.33
2026-01-09 17:25:00,28.15,0.0,0,,0,4,17.42
2026-01-09 17:30:00,28.07,0.0,0,,0,4,17.5
2026-01-09 17:35:00,27.99,0.0,0,,0,4,17.58
2026-01-09 17:40:00,27.9,0.0,0,,0,4,17.67
2026-01-09 17:45:00,27.82,0.0,0,,0,4,17.75
2026-01-09 17:50:00,27.74,0.0,0,,0,4,17.83
2026-01-09 17:55:00,27.65,0.0,0,,0,4,17.92
2026-01-09 18:00:00,27.57,0.0,0,,0,4,18.0
2026-01-09 18:05:00,27.49,0.0,0,,0,4,18.08
2026-01-09 18:10:00,27.4,0.0,0,,0,4,18.17
2026-01-09 18:15:00,27.32,0.0,0,,0,4,18.25
2026-01-09 18:20:00,27.23,0.0,0,,0,4,18.33
2026-01-09 18:25:00,27.14,0.0,0,,0,4,18.42
2026-01-09 18:30:00,27.06,0.0,0,,0,4,18.5
2026-01-09 18:35:00,26.97,0.0,0,,0,4,18.58
2026-01-09 18:40:00,26.88,0.0,0,,0,4,18.67
2026-01-09 18:45:00,26.8,0.0,0,,0,4,18.75
2026-01-09 18:50:00,26.71,0.0,0,,0,4,18.83
2026-01-09 18:55:00,26.62,0.0,0,,0,4,18.92
2026-01-09 19:00:00,26.54,0.0,0,,0,4,19.0
2026-01-09 19:05:00,26.45,0.0,0,,0,4,19.08
2026-01-09 19:10:00,26.36,0.0,0,,0,4,19.17
2026-01-09 19:15:00,26.27,0.0,0,,0,4,19.25
2026-01-09 19:20:00,26.19,0.0,0,,0,4,19.33
2026-01-09 19:25:00,26.1,0.0,0,,0,4,19.42
2026-01-09 19:30:00,26.01,0.0,0,,0,4,19.5
2026-01-09 19:35:00,25.93,0.0,0,,0,4,19.58
2026-01-09 19:40:00,25.84,0.0,0,,0,4,19.67
2026-01-09 19:45:00,25.76,0.0,0,,0,4,19.75
2026-01-09 19:50:00,25.67,0.0,0,,0,4,19.83
2026-01-09 19:55:00,25.58,0.0,0,,0,4,19.92
2026-01-09 20:00:00,25.5,0.0,0,,0,4,20.0
2026-01-09 20:05:00,25.42,0.0,0,,0,4,20.08
2026-01-09 20:10:00,25.33,0.0,0,,0,4,20.17
2026-01-09 20:15:00,25.25,0.0,0,,0,4,20.25
2026-01-09 20:20:00,25.17,0.0,0,,0,4,20.33
2026-01-09 20:25:00,25.09,0.0,0,,0,4,20.42
2026-01-09 20:30:00,25.0,0.0,0,,0,4,20.5
2026-01-09 20:35:00,24.92,0.0,0,,0,4,20.58
2026-01-09 20:40:00,24.85,0.0,0,,0,4,20.67
2026-01-09 20:45:00,24.77,0.0,0,,0,4,20.75
2026-01-09 20:50:00,24.69,0.0,0,,0,4,20.83
2026-01-09 20:55:00,24.61,0.0,0,,0,4,20.92
2026-01-09 21:00:00,24.54,0.0,0,,0,4,21.0
2026-01-09 21:05:00,24.46,0.0,0,,0,4,21.08
2026-01-09 21:10:00,24.39,0.0,0,,0,4,21.17
2026-01-09 21:15:00,24.31,0.0,0,,0,4,21.25
2026-01-09 21:20:00,24.24,0.0,0,,0,4,21.33
2026-01-09 21:25:00,24.17,0.0,0,,0,4,21.42
2026-01-09 21:30:00,24.1,0.0,0,,0,4,21.5
2026-01-09 21:35:00,24.03,0.0,0,,0,4,21.58
2026-01-09 21:40:00,23.96,0.0,0,,0,4,21.67
2026-01-09 21:45:00,23.9,0.0,0,,0,4,21.75
2026-01-09 21:50:00,23.83,0.0,0,,0,4,21.83
2026-01-09 21:55:00,23.77,0.0,0,,0,4,21.92
2026-01-09 22:00:00,23.71,0.0,0,,0,4,22.0
2026-01-09 22:05:00,23.65,0.0,0,,0,4,22.08
2026-01-09 22:10:00,23.59,0.0,0,,0,4,22.17
2026-01-09 22:15:00,23.53,0.0,0,,0,4,22.25
2026-01-09 22:20:00,23.47,0.0,0,,0,4,22.33
2026-01-09 22:25:00,23.42,0.0,0,,0,4,22.42
2026-01-09 22:30:00,23.36,0.0,0,,0,4,22.5
2026-01-09 22:35:00,23.31,0.0,0,,0,4,22.58
2026-01-09 22:40:00,23.26,0.0,0,,0,4,22.67
2026-01-09 22:45:00,23.21,0.0,0,,0,4,22.75
2026-01-09 22:50:00,23.16,0.0,0,,0,4,22.83
2026-01-09 22:55:00,23.12,0.0,0,,0,4,22.92
2026-01-09 23:00:00,23.07,0.0,0,,0,4,23.0
2026-01-09 23:05:00,23.03,0.0,0,,0,4,23.08
2026-01-09 23:10:00,22.99,0.0,0,,0,4,23.17
2026-01-09 23:15:00,22.95,0.0,0,,0,4,23.25
2026-01-09 23:20:00,22.91,0.0,0,,0,4,23.33
2026-01-09 23:25:00,22.87,0.0,0,,0,4,23.42
2026-01-09 23:30:00,22.84,0.0,0,,0,4,23.5
2026-01-09 23:35:00,22.81,0.0,0,,0,4,23.58
2026-01-09 23:40:00,22.78,0.0,0,,0,4,23.67
2026-01-09 23:45:00,22.75,0.0,0,,0,4,23.75
2026-01-09 23:50:00,22.72,0.0,0,,0,4,23.83
2026-01-09 23:55:00,22.7,0.0,0,,0,4,23.92
2026-01-10 00:00:00,22.73,0.0,0,,1,5,0.0
2026-01-10 00:05:00,22.71,0.0,0,,1,5,0.08
2026-01-10 00:10:00,22.69,0.0,0,,1,5,0.17
2026-01-10 00:15:00,22.67,0.0,0,,1,5,0.25
2026-01-10 00:20:00,22.66,0.0,0,,1,5,0.33
2026-01-10 00:25:00,22.64,0.0,0,,1,5,0.42
2026-01-10 00:30:00,22.63,0.0,0,,1,5,0.5
2026-01-10 00:35:00,22.62,0.0,0,,1,5,0.58
2026-01-10 00:40:00,22.61,0.0,0,,1,5,0.67
2026-01-10 00:45:00,22.61,0.0,0,,1,5,0.75
2026-01-10 00:50:00,22.6,0.0,0,,1,5,0.83
2026-01-10 00:55:00,22.6,0.0,0,,1,5,0.92
2026-01-10 01:00:00,22.6,0.0,0,,1,5,1.0
2026-01-10 01:05:00,22.6,0.0,0,,1,5,1.08
2026-01-10 01:10:00,22.6,0.0,0,,1,5,1.17
2026-01-10 01:15:00,22.61,0.0,0,,1,5,1.25
2026-01-10 01:20:00,22.61,0.0,0,,1,5,1.33
2026-01-10 01:25:00,22.62,0.0,0,,1,5,1.42
2026-01-10 01:30:00,22.63,0.0,0,,1,5,1.5
2026-01-10 01:35:00,22.64,0.0,0,,1,5,1.58
2026-01-10 01:40:00,22.66,0.0,0,,1,5,1.67
2026-01-10 01:45:00,22.67,0.0,0,,1,5,1.75
2026-01-10 01:50:00,22.69,0.0,0,,1,5,1.83
2026-01-10 01:55:00,22.71,0.0,0,,1,5,1.92
2026-01-10 02:00:00,22.73,0.0,0,,1,5,2.0
2026-01-10 02:05:00,22.76,0.0,0,,1,5,2.08
2026-01-10 02:10:00,22.78,0.0,0,,1,5,2.17
2026-01-10 02:15:00,22.81,0.0,0,,1,5,2.25
2026-01-10 02:20:00,22.84,0.0,0,,1,5,2.33
2026-01-10 02:25:00,22.87,0.0,0,,1,5,2.42
2026-01-10 02:30:00,22.9,0.0,0,,1,5,2.5
2026-01-10 02:35:00,22.94,0.0,0,,1,5,2.58
2026-01-10 02:40:00,22.97,0.0,0,,1,5,2.67
2026-01-10 02:45:00,23.01,0.0,0,,1,5,2.75
2026-01-10 02:50:00,23.05,0.0,0,,1,5,2.83
2026-01-10 02:55:00,23.09,0.0,0,,1,5,2.92
2026-01-10 03:00:00,23.13,0.0,0,,1,5,3.0
2026-01-10 03:05:00,23.18,0.0,0,,1,5,3.08
2026-01-10 03:10:00,23.22,0.0,0,,1,5,3.17
2026-01-10 03:15:00,23.27,0.0,0,,1,5,3.25
2026-01-10 03:20:00,23.32,0.0,0,,1,5,3.33
2026-01-10 03:25:00,23.37,0.0,0,,1,5,3.42
2026-01-10 03:30:00,23.42,0.0,0,,1,5,3.5
2026-01-10 03:35:00,23.48,0.0,0,,1,5,3.58
2026-01-10 03:40:00,23.53,0.0,0,,1,5,3.67
2026-01-10 03:45:00,23.59,0.0,0,,1,5,3.75
2026-01-10 03:50:00,23.65,0.0,0,,1,5,3.83
2026-01-10 03:55:00,23.71,0.0,0,,1,5,3.92
2026-01-10 04:00:00,23.77,0.0,0,,1,5,4.0
2026-01-10 04:05:00,23.83,0.0,0,,1,5,4.08
2026-01-10 04:10:00,23.89,0.0,0,,1,5,4.17
2026-01-10 04:15:00,23.96,0.0,0,,1,5,4.25
2026-01-10 04:20:00,24.03,0.0,0,,1,5,4.33
2026-01-10 04:25:00,24.09,0.0,0,,1,5,4.42
2026-01-10 04:30:00,24.16,0.0,0,,1,5,4.5
2026-01-10 04:35:00,24.23,0.0,0,,1,5,4.58
2026-01-10 04:40:00,24.3,0.0,0,,1,5,4.67
2026-01-10 04:45:00,24.37,0.0,0,,1,5,4.75
2026-01-10 04:50:00,24.45,0.0,0,,1,5,4.83
2026-01-10 04:55:00,24.52,0.0,0,,1,5,4.92
2026-01-10 05:00:00,24.6,0.0,0,,1,5,5.0
2026-01-10 05:05:00,24.67,0.0,0,,1,5,5.08
2026-01-10 05:10:00,24.75,0.0,0,,1,5,5.17
2026-01-10 05:15:00,24.83,0.0,0,,1,5,5.25
2026-01-10 05:20:00,24.91,0.0,0,,1,5,5.33
2026-01-10 05:25:00,24.99,0.0,0,,1,5,5.42
2026-01-10 05:30:00,25.07,0.0,0,,1,5,5.5
2026-01-10 05:35:00,25.15,0.0,0,,1,5,5.58
2026-01-10 05:40:00,25.23,0.0,0,,1,5,5.67
2026-01-10 05:45:00,25.31,0.0,0,,1,5,5.75
2026-01-10 05:50:00,25.39,0.0,0,,1,5,5.83
2026-01-10 05:55:00,25.48,0.0,0,,1,5,5.92
2026-01-10 06:00:00,25.56,0.0,0,,1,5,6.0
2026-01-10 06:05:00,25.65,0.0,0,,1,5,6.08
2026-01-10 06:10:00,25.73,0.0,0,,1,5,6.17
2026-01-10 06:15:00,25.82,0.0,0,,1,5,6.25
2026-01-10 06:20:00,25.9,0.0,0,,1,5,6.33
2026-01-10 06:25:00,25.99,0.0,0,,1,5,6.42
2026-01-10 06:30:00,26.07,0.0,0,,1,5,6.5
2026-01-10 06:35:00,26.16,0.0,0,,1,5,6.58
2026-01-10 06:40:00,26.25,0.0,0,,1,5,6.67
2026-01-10 06:45:00,26.34,0.0,0,,1,5,6.75
2026-01-10 06:50:00,26.42,0.0,0,,1,5,6.83
2026-01-10 06:55:00,26.51,0.0,0,,1,5,6.92
2026-01-10 07:00:00,26.6,0.0,0,,1,5,7.0
2026-01-10 07:05:00,26.68,0.0,0,,1,5,7.08
2026-01-10 07:10:00,26.77,0.0,0,,1,5,7.17
2026-01-10 07:15:00,26.86,0.0,0,,1,5,7.25
2026-01-10 07:20:00,26.95,0.0,0,,1,5,7.33
2026-01-10 07:25:00,27.03,0.0,0,,1,5,7.42
2026-01-10 07:30:00,27.12,0.0,0,,1,5,7.5
2026-01-10 07:35:00,27.21,0.0,0,,1,5,7.58
2026-01-10 07:40:00,27.29,0.0,0,,1,5,7.67
2026-01-10 07:45:00,27.38,0.484,0,,1,5,7.75
2026-01-10 07:50:00,27.46,0.484,0,,1,5,7.83
2026-01-10 07:55:00,27.55,0.484,0,,1,5,7.92
2026-01-10 08:00:00,27.63,0.484,0,,1,5,8.0
2026-01-10 08:05:00,27.72,0.484,0,,1,5,8.08
2026-01-10 08:10:00,27.8,0.484,0,,1,5,8.17
2026-01-10 08:15:00,27.88,0.484,0,,1,5,8.25
2026-01-10 08:20:00,27.96,0.484,0,,1,5,8.33
2026-01-10 08:25:00,28.05,0.484,0,,1,5,8.42
2026-01-10 08:30:00,28.13,0.484,0,,1,5,8.5
2026-01-10 08:35:00,28.21,0.484,0,,1,5,8.58
2026-01-10 08:40:00,28.29,0.484,0,,1,5,8.67
2026-01-10 08:45:00,28.37,0.484,0,,1,5,8.75
2026-01-10 08:50:00,28.44,0.484,0,,1,5,8.83
2026-01-10 08:55:00,28.52,0.484,0,,1,5,8.92
2026-01-10 09:00:00,28.6,0.484,0,,1,5,9.0
2026-01-10 09:05:00,28.67,0.484,0,,1,5,9.08
2026-01-10 09:10:00,28.75,0.484,0,,1,5,9.17
2026-01-10 09:15:00,28.82,0.484,0,,1,5,9.25
2026-01-10 09:20:00,28.89,0.484,0,,1,5,9.33
2026-01-10 09:25:00,28.96,0.484,0,,1,5,9.42
2026-01-10 09:30:00,29.03,0.484,0,,1,5,9.5
2026-01-10 09:35:00,29.1,0.484,0,,1,5,9.58
2026-01-10 09:40:00,29.17,0.484,0,,1,5,9.67
2026-01-10 09:45:00,29.23,0.484,0,,1,5,9.75
2026-01-10 09:50:00,29.3,0.484,0,,1,5,9.83
2026-01-10 09:55:00,29.36,0.484,0,,1,5,9.92
2026-01-10 10:00:00,29.43,0.484,0,,1,5,10.0
2026-01-10 10:05:00,29.49,0.484,0,,1,5,10.08
2026-01-10 10:10:00,29.55,0.484,0,,1,5,10.17
2026-01-10 10:15:00,29.6,0.484,0,,1,5,10.25
2026-01-10 10:20:00,29.66,0.484,0,,1,5,10.33
2026-01-10 10:25:00,29.72,0.484,0,,1,5,10.42
2026-01-10 10:30:00,29.77,0.484,0,,1,5,10.5
2026-01-10 10:35:00,29.82,0.484,0,,1,5,10.58
2026-01-10 10:40:00,29.87,0.484,0,,1,5,10.67
2026-01-10 10:45:00,29.92,0.484,0,,1,5,10.75
2026-01-10 10:50:00,29.97,0.484,0,,1,5,10.83
2026-01-10 10:55:00,30.02,0.484,0,,1,5,10.92
2026-01-10 11:00:00,30.06,0.0,0,,1,5,11.0
2026-01-10 11:05:00,30.1,0.0,0,,1,5,11.08
2026-01-10 11:10:00,30.14,0.0,0,,1,5,11.17
2026-01-10 11:15:00,30.18,0.0,0,,1,5,11.25
2026-01-10 11:20:00,30.22,0.0,0,,1,5,11.33
2026-01-10 11:25:00,30.26,0.0,0,,1,5,11.42
2026-01-10 11:30:00,30.29,0.0,0,,1,5,11.5
2026-01-10 11:35:00,30.32,0.0,0,,1,5,11.58
2026-01-10 11:40:00,30.36,0.0,0,,1,5,11.67
2026-01-10 11:45:00,30.38,0.0,0,,1,5,11.75
2026-01-10 11:50:00,30.41,0.0,0,,1,5,11.83
2026-01-10 11:55:00,30.44,0.0,0,,1,5,11.92
2026-01-10 12:00:00,30.46,0.0,0,,1,5,12.0
2026-01-10 12:05:00,30.48,0.0,0,,1,5,12.08
2026-01-10 12:10:00,30.5,0.0,0,,1,5,12.17
2026-01-10 12:15:00,30.52,0.0,0,,1,5,12.25
2026-01-10 12:20:00,30.54,0.0,0,,1,5,12.33
2026-01-10 12:25:00,30.55,0.0,0,,1,5,12.42
2026-01-10 12:30:00,30.56,0.0,0,,1,5,12.5
2026-01-10 12:35:00,30.57,0.0,0,,1,5,12.58
2026-01-10 12:40:00,30.58,0.0,0,,1,5,12.67
2026-01-10 12:45:00,30.59,0.0,0,,1,5,12.75
2026-01-10 12:50:00,30.59,0.0,0,,1,5,12.83
2026-01-10 12:55:00,30.6,0.0,0,,1,5,12.92
2026-01-10 13:00:00,30.6,0.0,0,,1,5,13.0
2026-01-10 13:05:00,30.6,0.0,0,,1,5,13.08
2026-01-10 13:10:00,30.59,0.0,0,,1,5,13.17
2026-01-10 13:15:00,30.59,0.0,0,,1,5,13.25
2026-01-10 13:20:00,30.58,0.0,0,,1,5,13.33
2026-01-10 13:25:00,30.57,0.0,0,,1,5,13.42
2026-01-10 13:30:00,30.56,0.0,0,,1,5,13.5
2026-01-10 13:35:00,30.55,0.0,0,,1,5,13.58
2026-01-10 13:40:00,30.54,0.0,0,,1,5,13.67
2026-01-10 13:45:00,30.52,0.0,0,,1,5,13.75
2026-01-10 13:50:00,30.5,0.0,0,,1,5,13.83
2026-01-10 13:55:00,30.48,0.0,0,,1,5,13.92
2026-01-10 14:00:00,30.46,0.0,0,,1,5,14.0
2026-01-10 14:05:00,30.44,0.0,0,,1,5,14.08
2026-01-10 14:10:00,30.41,0.0,0,,1,5,14.17
2026-01-10 14:15:00,30.38,0.0,0,,1,5,14.25
2026-01-10 14:20:00,30.36,0.0,0,,1,5,14.33
2026-01-10 14:25:00,30.32,0.0,0,,1,5,14.42
2026-01-10 14:30:00,30.29,0.0,0,,1,5,14.5
2026-01-10 14:35:00,30.26,0.0,0,,1,5,14.58
2026-01-10 14:40:00,30.22,0.0,0,,1,5,14.67
2026-01-10 14:45:00,30.18,0.0,0,,1,5,14.75
2026-01-10 14:50:00,30.14,0.0,0,,1,5,14.83
2026-01-10 14:55:00,30.1,0.0,0,,1,5,14.92
2026-01-10 15:00:00,30.06,0.0,0,,1,5,15.0
2026-01-10 15:05:00,30.02,0.0,0,,1,5,15.08
2026-01-10 15:10:00,29.97,0.0,0,,1,5,15.17
2026-01-10 15:15:00,29.92,0.0,0,,1,5,15.25
2026-01-10 15:20:00,29.87,0.0,0,,1,5,15.33
2026-01-10 15:25:00,29.82,0.0,0,,1,5,15.42
2026-01-10 15:30:00,29.77,0.0,0,,1,5,15.5
2026-01-10 15:35:00,29.72,0.0,0,,1,5,15.58
2026-01-10 15:40:00,29.66,0.0,0,,1,5,15.67
2026-01-10 15:45:00,29.6,0.0,0,,1,5,15.75
2026-01-10 15:50:00,29.55,0.0,0,,1,5,15.83
2026-01-10 15:55:00,29.49,0.0,0,,1,5,15.92
2026-01-10 16:00:00,29.43,0.0,0,,1,5,16.0
2026-01-10 16:05:00,29.36,0.0,0,,1,5,16.08
2026-01-10 16:10:00,29.3,0.0,0,,1,5,16.17
2026-01-10 16:15:00,29.23,0.0,0,,1,5,16.25
2026-01-10 16:20:00,29.17,0.0,0,,1,5,16.33
2026-01-10 16:25:00,29.1,0.0,0,,1,5,16.42
2026-01-10 16:30:00,29.03,0.0,0,,1,5,16.5
2026-01-10 16:35:00,28.96,0.0,0,,1,5,16.58
2026-01-10 16:40:00,28.89,0.0,0,,1,5,16.67
2026-01-10 16:45:00,28.82,0.0,0,,1,5,16.75
2026-01-10 16:50:00,28.75,0.0,0,,1,5,16.83
2026-01-10 16:55:00,28.67,0.0,0,,1,5,16.92
2026-01-10 17:00:00,28.6,0.0,0,,1,5,17.0
2026-01-10 17:05:00,28.52,0.0,0,,1,5,17.08
2026-01-10 17:10:00,28.44,0.0,0,,1,5,17.17
2026-01-10 17:15:00,28.37,0.0,0,,1,5,17.25
2026-01-10 17:20:00,28.29,0.0,0,,1,5,17.33
2026-01-10 17:25:00,28.21,0.0,0,,1,5,17.42
2026-01-10 17:30:00,28.13,0.0,0,,1,5,17.5
2026-01-10 17:35:00,28.05,0.0,0,,1,5,17.58
2026-01-10 17:40:00,27.96,0.0,0,,1,5,17.67
2026-01-10 17:45:00,27.88,0.0,0,,1,5,17.75
2026-01-10 17:50:00,27.8,0.0,0,,1,5,17.83
2026-01-10 17:55:00,27.72,0.0,0,,1,5,17.92
2026-01-10 18:00:00,27.63,0.0,0,,1,5,18.0
2026-01-10 18:05:00,27.55,0.0,0,,1,5,18.08
2026-01-10 18:10:00,27.46,0.0,0,,1,5,18.17
2026-01-10 18:15:00,27.38,0.0,0,,1,5,18.25
2026-01-10 18:20:00,27.29,0.0,0,,1,5,18.33
2026-01-10 18:25:00,27.21,0.0,0,,1,5,18.42
2026-01-10 18:30:00,27.12,0.0,0,,1,5,18.5
2026-01-10 18:35:00,27.03,0.0,0,,1,5,18.58
2026-01-10 18:40:00,26.95,0.0,0,,1,5,18.67
2026-01-10 18:45:00,26.86,0.0,0,,1,5,18.75
2026-01-10 18:50:00,26.77,0.0,0,,1,5,18.83
2026-01-10 18:55:00,26.68,0.0,0,,1,5,18.92
2026-01-10 19:00:00,26.6,0.0,0,,1,5,19.0
2026-01-10 19:05:00,26.51,0.0,0,,1,5,19.08
2026-01-10 19:10:00,26.42,0.0,0,,1,5,19.17
2026-01-10 19:15:00,26.34,0.0,0,,1,5,19.25
2026-01-10 19:20:00,26.25,0.0,0,,1,5,19.33
2026-01-10 19:25:00,26.16,0.0,0,,1,5,19.42
2026-01-10 19:30:00,26.07,0.0,0,,1,5,19.5
2026-01-10 19:35:00,25.99,0.0,0,,1,5,19.58
2026-01-10 19:40:00,25.9,0.0,0,,1,5,19.67
2026-01-10 19:45:00,25.82,0.0,0,,1,5,19.75
2026-01-10 19:50:00,25.73,0.0,0,,1,5,19.83
2026-01-10 19:55:00,25.65,0.0,0,,1,5,19.92
2026-01-10 20:00:00,25.56,0.0,0,,1,5,20.0
2026-01-10 20:05:00,25.48,0.0,0,,1,5,20.08
2026-01-10 20:10:00,25.39,0.0,0,,1,5,20.17
2026-01-10 20:15:00,25.31,0.0,0,,1,5,20.25
2026-01-10 20:20:00,25.23,0.0,0,,1,5,20.33
2026-01-10 20:25:00,25.15,0.0,0,,1,5,20.42
2026-01-10 20:30:00,25.07,0.0,0,,1,5,20.5
2026-01-10 20:35:00,24.99,0.0,0,,1,5,20.58
2026-01-10 20:40:00,24.91,0.0,0,,1,5,20.67
2026-01-10 20:45:00,24.83,0.0,0,,1,5,20.75
2026-01-10 20:50:00,24.75,0.0,0,,1,5,20.83
2026-01-10 20:55:00,24.67,0.0,0,,1,5,20.92
2026-01-10 21:00:00,24.6,0.0,0,,1,5,21.0
2026-01-10 21:05:00,24.52,0.0,0,,1,5,21.08
2026-01-10 21:10:00,24.45,0.0,0,,1,5,21.17
2026-01-10 21:15:00,24.37,0.0,0,,1,5,21.25
2026-01-10 21:20:00,24.3,0.0,0,,1,5,21.33
2026-01-10 21:25:00,24.23,0.0,0,,1,5,21.42
2026-01-10 21:30:00,24.16,0.0,0,,1,5,21.5
2026-01-10 21:35:00,24.09,0.0,0,,1,5,21.58
2026-01-10 21:40:00,24.03,0.0,0,,1,5,21.67
2026-01-10 21:45:00,23.96,0.0,0,,1,5,21.75
2026-01-10 21:50:00,23.89,0.0,0,,1,5,21.83
2026-01-10 21:55:00,23.83,0.0,0,,1,5,21.92
2026-01-10 22:00:00,23.77,0.0,0,,1,5,22.0
2026-01-10 22:05:00,23.71,0.0,0,,1,5,22.08
2026-01-10 22:10:00,23.65,0.0,0,,1,5,22.17
2026-01-10 22:15:00,23.59,0.0,0,,1,5,22.25
2026-01-10 22:20:00,23.53,0.0,0,,1,5,22.33
2026-01-10 22:25:00,23.48,0.0,0,,1,5,22.42
2026-01-10 22:30:00,23.42,0.0,0,,1,5,22.5
2026-01-10 22:35:00,23.37,0.0,0,,1,5,22.58
2026-01-10 22:40:00,23.32,0.0,0,,1,5,22.67
2026-01-10 22:45:00,23.27,0.0,0,,1,5,22.75
2026-01-10 22:50:00,23.22,0.0,0,,1,5,22.83
2026-01-10 22:55:00,23.18,0.0,0,,1,5,22.92
2026-01-10 23:00:00,23.13,0.0,0,,1,5,23.0
2026-01-10 23:05:00,23.09,0.0,0,,1,5,23.08
2026-01-10 23:10:00,23.05,0.0,0,,1,5,23.17
2026-01-10 23:15:00,23.01,0.0,0,,1,5,23.25
2026-01-10 23:20:00,22.97,0.0,0,,1,5,23.33
2026-01-10 23:25:00,22.94,0.0,0,,1,5,23.42
2026-01-10 23:30:00,22.9,0.0,0,,1,5,23.5
2026-01-10 23:35:00,22.87,0.0,0,,1,5,23.58
2026-01-10 23:40:00,22.84,0.0,0,,1,5,23.67
2026-01-10 23:45:00,22.81,0.0,0,,1,5,23.75
2026-01-10 23:50:00,22.78,0.0,0,,1,5,23.83
2026-01-10 23:55:00,22.76,0.0,0,,1,5,23.92
2026-01-11 00:00:00,20.96,0.0,0,,1,6,0.0
2026-01-11 00:05:00,20.93,0.0,0,,1,6,0.08
2026-01-11 00:10:00,20.92,0.0,0,,1,6,0.17
2026-01-11 00:15:00,20.9,0.0,0,,1,6,0.25
2026-01-11 00:20:00,20.88,0.0,0,,1,6,0.33
2026-01-11 00:25:00,20.87,0.0,0,,1,6,0.42
2026-01-11 00:30:00,20.85,0.0,0,,1,6,0.5
2026-01-11 00:35:00,20.84,0.0,0,,1,6,0.58
2026-01-11 00:40:00,20.84,0.0,0,,1,6,0.67
2026-01-11 00:45:00,20.83,0.0,0,,1,6,0.75
2026-01-11 00:50:00,20.82,0.0,0,,1,6,0.83
2026-01-11 00:55:00,20.82,0.0,0,,1,6,0.92
2026-01-11 01:00:00,20.82,0.0,0,,1,6,1.0
2026-01-11 01:05:00,20.82,0.0,0,,1,6,1.08
2026-01-11 01:10:00,20.82,0.0,0,,1,6,1.17
2026-01-11 01:15:00,20.83,0.0,0,,1,6,1.25
2026-01-11 01:20:00,20.84,0.0,0,,1,6,1.33
2026-01-11 01:25:00,20.84,0.0,0,,1,6,1.42
2026-01-11 01:30:00,20.85,0.0,0,,1,6,1.5
2026-01-11 01:35:00,20.87,0.0,0,,1,6,1.58
2026-01-11 01:40:00,20.88,0.0,0,,1,6,1.67
2026-01-11 01:45:00,20.9,0.0,0,,1,6,1.75
2026-01-11 01:50:00,20.92,0.0,0,,1,6,1.83
2026-01-11 01:55:00,20.93,0.0,0,,1,6,1.92
2026-01-11 02:00:00,20.96,0.0,0,,1,6,2.0
2026-01-11 02:05:00,20.98,0.0,0,,1,6,2.08
2026-01-11 02:10:00,21.01,0.0,0,,1,6,2.17
2026-01-11 02:15:00,21.03,0.0,0,,1,6,2.25
2026-01-11 02:20:00,21.06,0.0,0,,1,6,2.33
2026-01-11 02:25:00,21.09,0.0,0,,1,6,2.42
2026-01-11 02:30:00,21.12,0.0,0,,1,6,2.5
2026-01-11 02:35:00,21.16,0.0,0,,1,6,2.58
2026-01-11 02:40:00,21.19,0.0,0,,1,6,2.67
2026-01-11 02:45:00,21.23,0.0,0,,1,6,2.75
2026-01-11 02:50:00,21.27,0.0,0,,1,6,2.83
2026-01-11 02:55:00,21.31,0.0,0,,1,6,2.92
2026-01-11 03:00:00,21.36,0.0,0,,1,6,3.0
2026-01-11 03:05:00,21.4,0.0,0,,1,6,3.08
2026-01-11 03:10:00,21.45,0.0,0,,1,6,3.17
2026-01-11 03:15:00,21.49,0.0,0,,1,6,3.25
2026-01-11 03:20:00,21.54,0.0,0,,1,6,3.33
2026-01-11 03:25:00,21.59,0.0,0,,1,6,3.42
2026-01-11 03:30:00,21.65,0.0,0,,1,6,3.5
2026-01-11 03:35:00,21.7,0.0,0,,1,6,3.58
2026-01-11 03:40:00,21.76,0.0,0,,1,6,3.67
2026-01-11 03:45:00,21.81,0.0,0,,1,6,3.75
2026-01-11 03:50:00,21.87,0.0,0,,1,6,3.83
2026-01-11 03:55:00,21.93,0.0,0,,1,6,3.92
2026-01-11 04:00:00,21.99,0.0,0,,1,6,4.0
2026-01-11 04:05:00,22.05,0.0,0,,1,6,4.08
2026-01-11 04:10:00,22.12,0.0,0,,1,6,4.17
2026-01-11 04:15:00,22.18,0.0,0,,1,6,4.25
2026-01-11 04:20:00,22.25,0.0,0,,1,6,4.33
2026-01-11 04:25:00,22.32,0.0,0,,1,6,4.42
2026-01-11 04:30:00,22.39,0.0,0,,1,6,4.5
2026-01-11 04:35:00,22.45,0.0,0,,1,6,4.58
2026-01-11 04:40:00,22.53,0.0,0,,1,6,4.67
2026-01-11 04:45:00,22.6,0.0,0,,1,6,4.75
2026-01-11 04:50:00,22.67,0.0,0,,1,6,4.83
2026-01-11 04:55:00,22.75,0.0,0,,1,6,4.92
2026-01-11 05:00:00,22.82,0.0,0,,1,6,5.0
2026-01-11 05:05:00,22.9,0.0,0,,1,6,5.08
2026-01-11 05:10:00,22.97,0.0,0,,1,6,5.17
2026-01-11 05:15:00,23.05,0.0,0,,1,6,5.25
2026-01-11 05:20:00,23.13,0.0,0,,1,6,5.33
2026-01-11 05:25:00,23.21,0.0,0,,1,6,5.42
2026-01-11 05:30:00,23.29,0.0,0,,1,6,5.5
2026-01-11 05:35:00,23.37,0.0,0,,1,6,5.58
2026-01-11 05:40:00,23.45,0.0,0,,1,6,5.67
2026-01-11 05:45:00,23.53,0.0,0,,1,6,5.75
2026-01-11 05:50:00,23.62,0.0,0,,1,6,5.83
2026-01-11 05:55:00,23.7,0.0,0,,1,6,5.92
2026-01-11 06:00:00,23.78,0.0,0,,1,6,6.0
2026-01-11 06:05:00,23.87,0.0,0,,1,6,6.08
2026-01-11 06:10:00,23.95,0.0,0,,1,6,6.17
2026-01-11 06:15:00,24.04,0.0,0,,1,6,6.25
2026-01-11 06:20:00,24.13,0.0,0,,1,6,6.33
2026-01-11 06:25:00,24.21,0.0,0,,1,6,6.42
2026-01-11 06:30:00,24.3,0.0,0,,1,6,6.5
2026-01-11 06:35:00,24.38,0.0,0,,1,6,6.58
2026-01-11 06:40:00,24.47,0.0,0,,1,6,6.67
2026-01-11 06:45:00,24.56,0.0,0,,1,6,6.75
2026-01-11 06:50:00,24.65,0.0,0,,1,6,6.83
2026-01-11 06:55:00,24.73,0.0,0,,1,6,6.92
2026-01-11 07:00:00,24.82,0.0,0,,1,6,7.0
2026-01-11 07:05:00,24.91,0.0,0,,1,6,7.08
2026-01-11 07:10:00,24.99,0.0,0,,1,6,7.17
2026-01-11 07:15:00,25.08,0.0,0,,1,6,7.25
2026-01-11 07:20:00,25.17,0.0,0,,1,6,7.33
2026-01-11 07:25:00,25.26,0.0,0,,1,6,7.42
2026-01-11 07:30:00,25.34,0.0,0,,1,6,7.5
2026-01-11 07:35:00,25.43,0.0,0,,1,6,7.58
2026-01-11 07:40:00,25.51,0.0,0,,1,6,7.67
2026-01-11 07:45:00,25.6,0.0,0,,1,6,7.75
2026-01-11 07:50:00,25.69,0.0,0,,1,6,7.83
2026-01-11 07:55:00,25.77,0.0,0,,1,6,7.92
2026-01-11 08:00:00,25.86,0.0,0,,1,6,8.0
2026-01-11 08:05:00,25.94,0.0,0,,1,6,8.08
2026-01-11 08:10:00,26.02,0.0,0,,1,6,8.17
2026-01-11 08:15:00,26.11,0.0,0,,1,6,8.25
2026-01-11 08:20:00,26.19,0.0,0,,1,6,8.33
2026-01-11 08:25:00,26.27,0.0,0,,1,6,8.42
2026-01-11 08:30:00,26.35,0.0,0,,1,6,8.5
2026-01-11 08:35:00,26.43,0.0,0,,1,6,8.58
2026-01-11 08:40:00,26.51,0.0,0,,1,6,8.67
2026-01-11 08:45:00,26.59,0.0,0,,1,6,8.75
2026-01-11 08:50:00,26.67,0.0,0,,1,6,8.83
2026-01-11 08:55:00,26.74,0.0,0,,1,6,8.92
2026-01-11 09:00:00,26.82,0.0,0,,1,6,9.0
2026-01-11 09:05:00,26.9,0.0,0,,1,6,9.08
2026-01-11 09:10:00,26.97,0.0,0,,1,6,9.17
2026-01-11 09:15:00,27.04,0.0,0,,1,6,9.25
2026-01-11 09:20:00,27.11,0.0,0,,1,6,9.33
2026-01-11 09:25:00,27.19,0.0,0,,1,6,9.42
2026-01-11 09:30:00,27.26,0.0,0,,1,6,9.5
2026-01-11 09:35:00,27.32,0.0,0,,1,6,9.58
2026-01-11 09:40:00,27.39,0.0,0,,1,6,9.67
2026-01-11 09:45:00,27.46,0.0,0,,1,6,9.75
2026-01-11 09:50:00,27.52,0.0,0,,1,6,9.83
2026-01-11 09:55:00,27.59,0.0,0,,1,6,9.92
2026-01-11 10:00:00,27.65,0.0,0,,1,6,10.0
2026-01-11 10:05:00,27.71,0.0,0,,1,6,10.08
2026-01-11 10:10:00,27.77,0.0,0,,1,6,10.17
2026-01-11 10:15:00,27.83,0.0,0,,1,6,10.25
2026-01-11 10:20:00,27.88,0.0,0,,1,6,10.33
2026-01-11 10:25:00,27.94,0.0,0,,1,6,10.42
2026-01-11 10:30:00,27.99,0.0,0,,1,6,10.5
2026-01-11 10:35:00,28.05,0.0,0,,1,6,10.58
2026-01-11 10:40:00,28.1,0.0,0,,1,6,10.67
2026-01-11 10:45:00,28.15,0.0,0,,1,6,10.75
2026-01-11 10:50:00,28.19,0.0,0,,1,6,10.83
2026-01-11 10:55:00,28.24,0.0,0,,1,6,10.92
2026-01-11 11:00:00,28.28,0.0,0,,1,6,11.0
2026-01-11 11:05:00,28.33,0.0,0,,1,6,11.08
2026-01-11 11:10:00,28.37,0.0,0,,1,6,11.17
2026-01-11 11:15:00,28.41,0.0,0,,1,6,11.25
2026-01-11 11:20:00,28.45,0.0,0,,1,6,11.33
2026-01-11 11:25:00,28.48,0.0,0,,1,6,11.42
2026-01-11 11:30:00,28.52,0.0,0,,1,6,11.5
2026-01-11 11:35:00,28.55,0.0,0,,1,6,11.58
2026-01-11 11:40:00,28.58,0.0,0,,1,6,11.67
2026-01-11 11:45:00,28.61,0.0,0,,1,6,11.75
2026-01-11 11:50:00,28.64,0.0,0,,1,6,11.83
2026-01-11 11:55:00,28.66,0.0,0,,1,6,11.92
2026-01-11 12:00:00,28.68,0.0,0,,1,6,12.0
2026-01-11 12:05:00,28.71,0.0,0,,1,6,12.08
2026-01-11 12:10:00,28.73,0.0,0,,1,6,12.17
2026-01-11 12:15:00,28.74,0.0,0,,1,6,12.25
2026-01-11 12:20:00,28.76,0.0,0,,1,6,12.33
2026-01-11 12:25:00,28.77,0.0,0,,1,6,12.42
2026-01-11 12:30:00,28.79,0.0,0,,1,6,12.5
2026-01-11 12:35:00,28.8,0.0,0,,1,6,12.58
2026-01-11 12:40:00,28.8,0.0,0,,1,6,12.67
2026-01-11 12:45:00,28.81,0.0,0,,1,6,12.75
2026-01-11 12:50:00,28.82,0.0,0,,1,6,12.83
2026-01-11 12:55:00,28.82,0.0,0,,1,6,12.92
2026-01-11 13:00:00,28.82,0.0,0,,1,6,13.0
2026-01-11 13:05:00,28.82,0.0,0,,1,6,13.08
2026-01-11 13:10:00,28.82,0.0,0,,1,6,13.17
2026-01-11 13:15:00,28.81,0.0,0,,1,6,13.25
2026-01-11 13:20:00,28.8,0.0,0,,1,6,13.33
2026-01-11 13:25:00,28.8,0.0,0,,1,6,13.42
2026-01-11 13:30:00,28.79,0.0,0,,1,6,13.5
2026-01-11 13:35:00,28.77,0.0,0,,1,6,13.58
2026-01-11 13:40:00,28.76,0.0,0,,1,6,13.67
2026-01-11 13:45:00,28.74,0.0,0,,1,6,13.75
2026-01-11 13:50:00,28.73,0.0,0,,1,6,13.83
2026-01-11 13:55:00,28.71,0.0,0,,1,6,13.92
2026-01-11 14:00:00,28.68,0.0,0,,1,6,14.0
2026-01-11 14:05:00,28.66,0.0,0,,1,6,14.08
2026-01-11 14:10:00,28.64,0.0,0,,1,6,14.17
2026-01-11 14:15:00,28.61,0.0,0,,1,6,14.25
2026-01-11 14:20:00,28.58,0.0,0,,1,6,14.33
2026-01-11 14:25:00,28.55,0.0,0,,1,6,14.42
2026-01-11 14:30:00,28.52,0.0,0,,1,6,14.5
2026-01-11 14:35:00,28.48,0.0,0,,1,6,14.58
2026-01-11 14:40:00,28.45,0.0,0,,1,6,14.67
2026-01-11 14:45:00,28.41,0.0,0,,1,6,14.75
2026-01-11 14:50:00,28.37,0.0,0,,1,6,14.83
2026-01-11 14:55:00,28.33,0.0,0,,1,6,14.92
2026-01-11 15:00:00,28.28,0.0,0,,1,6,15.0
2026-01-11 15:05:00,28.24,0.0,0,,1,6,15.08
2026-01-11 15:10:00,28.19,0.0,0,,1,6,15.17
2026-01-11 15:15:00,28.15,0.0,0,,1,6,15.25
2026-01-11 15:20:00,28.1,0.0,0,,1,6,15.33
2026-01-11 15:25:00,28.05,0.0,0,,1,6,15.42
2026-01-11 15:30:00,27.99,0.0,0,,1,6,15.5
2026-01-11 15:35:00,27.94,0.0,0,,1,6,15.58
2026-01-11 15:40:00,27.88,0.0,0,,1,6,15.67
2026-01-11 15:45:00,27.83,0.0,0,,1,6,15.75
2026-01-11 15:50:00,27.77,0.0,0,,1,6,15.83
2026-01-11 15:55:00,27.71,0.0,0,,1,6,15.92
2026-01-11 16:00:00,27.65,0.0,0,,1,6,16.0
2026-01-11 16:05:00,27.59,0.0,0,,1,6,16.08
2026-01-11 16:10:00,27.52,0.0,0,,1,6,16.17
2026-01-11 16:15:00,27.46,0.0,0,,1,6,16.25
2026-01-11 16:20:00,27.39,0.0,0,,1,6,16.33
2026-01-11 16:25:00,27.32,0.0,0,,1,6,16.42
2026-01-11 16:30:00,27.26,0.0,0,,1,6,16.5
2026-01-11 16:35:00,27.19,0.0,0,,1,6,16.58
2026-01-11 16:40:00,27.11,0.0,0,,1,6,16.67
2026-01-11 16:45:00,27.04,0.0,0,,1,6,16.75
2026-01-11 16:50:00,26.97,0.0,0,,1,6,16.83
2026-01-11 16:55:00,26.9,0.0,0,,1,6,16.92
2026-01-11 17:00:00,26.82,0.0,0,,1,6,17.0
2026-01-11 17:05:00,26.74,0.0,0,,1,6,17.08
2026-01-11 17:10:00,26.67,0.0,0,,1,6,17.17
2026-01-11 17:15:00,26.59,0.0,0,,1,6,17.25
2026-01-11 17:20:00,26.51,0.0,0,,1,6,17.33
2026-01-11 17:25:00,26.43,0.0,0,,1,6,17.42
2026-01-11 17:30:00,26.35,0.0,0,,1,6,17.5
2026-01-11 17:35:00,26.27,0.0,0,,1,6,17.58
2026-01-11 17:40:00,26.19,0.0,0,,1,6,17.67
2026-01-11 17:45:00,26.11,0.0,0,,1,6,17.75
2026-01-11 17:50:00,26.02,0.0,0,,1,6,17.83
2026-01-11 17:55:00,25.94,0.0,0,,1,6,17.92
2026-01-11 18:00:00,25.86,0.0,0,,1,6,18.0
2026-01-11 18:05:00,25.77,0.0,0,,1,6,18.08
2026-01-11 18:10:00,25.69,0.0,0,,1,6,18.17
2026-01-11 18:15:00,25.6,0.0,0,,1,6,18.25
2026-01-11 18:20:00,25.51,0.0,0,,1,6,18.33
2026-01-11 18:25:00,25.43,0.0,0,,1,6,18.42
2026-01-11 18:30:00,25.34,0.0,0,,1,6,18.5
2026-01-11 18:35:00,25.26,0.0,0,,1,6,18.58
2026-01-11 18:40:00,25.17,0.0,0,,1,6,18.67
2026-01-11 18:45:00,25.08,0.0,0,,1,6,18.75
2026-01-11 18:50:00,24.99,0.0,0,,1,6,18.83
2026-01-11 18:55:00,24.91,0.0,0,,1,6,18.92
2026-01-11 19:00:00,24.82,0.0,0,,1,6,19.0
2026-01-11 19:05:00,24.73,0.0,0,,1,6,19.08
2026-01-11 19:10:00,24.65,0.0,0,,1,6,19.17
2026-01-11 19:15:00,24.56,0.0,0,,1,6,19.25
2026-01-11 19:20:00,24.47,0.0,0,,1,6,19.33
2026-01-11 19:25:00,24.38,0.0,0,,1,6,19.42
2026-01-11 19:30:00,24.3,0.0,0,,1,6,19.5
2026-01-11 19:35:00,24.21,0.0,0,,1,6,19.58
2026-01-11 19:40:00,24.13,0.0,0,,1,6,19.67
2026-01-11 19:45:00,24.04,0.0,0,,1,6,19.75
2026-01-11 19:50:00,23.95,0.0,0,,1,6,19.83
2026-01-11 19:55:00,23.87,0.0,0,,1,6,19.92
2026-01-11 20:00:00,23.78,0.0,0,,1,6,20.0
2026-01-11 20:05:00,23.7,0.0,0,,1,6,20.08
2026-01-11 20:10:00,23.62,0.0,0,,1,6,20.17
2026-01-11 20:15:00,23.53,0.0,0,,1,6,20.25
2026-01-11 20:20:00,23.45,0.0,0,,1,6,20.33
2026-01-11 20:25:00,23.37,0.0,0,,1,6,20.42
2026-01-11 20:30:00,23.29,0.0,0,,1,6,20.5
2026-01-11 20:35:00,23.21,0.0,0,,1,6,20.58
2026-01-11 20:40:00,23.13,0.0,0,,1,6,20.67
2026-01-11 20:45:00,23.05,0.0,0,,1,6,20.75
2026-01-11 20:50:00,22.97,0.0,0,,1,6,20.83
2026-01-11 20:55:00,22.9,0.0,0,,1,6,20.92
2026-01-11 21:00:00,22.82,0.0,0,,1,6,21.0
2026-01-11 21:05:00,22.75,0.0,0,,1,6,21.08
2026-01-11 21:10:00,22.67,0.0,0,,1,6,21.17
2026-01-11 21:15:00,22.6,0.0,0,,1,6,21.25
2026-01-11 21:20:00,22.53,0.0,0,,1,6,21.33
2026-01-11 21:25:00,22.45,0.0,0,,1,6,21.42
2026-01-11 21:30:00,22.39,0.0,0,,1,6,21.5
2026-01-11 21:35:00,22.32,0.0,0,,1,6,21.58
2026-01-11 21:40:00,22.25,0.0,0,,1,6,21.67
2026-01-11 21:45:00,22.18,0.0,0,,1,6,21.75
2026-01-11 21:50:00,22.12,0.0,0,,1,6,21.83
2026-01-11 21:55:00,22.05,0.0,0,,1,6,21.92
2026-01-11 22:00:00,21.99,0.0,0,,1,6,22.0
2026-01-11 22:05:00,21.93,0.0,0,,1,6,22.08
2026-01-11 22:10:00,21.87,0.0,0,,1,6,22.17
2026-01-11 22:15:00,21.81,0.0,0,,1,6,22.25
2026-01-11 22:20:00,21.76,0.0,0,,1,6,22.33
2026-01-11 22:25:00,21.7,0.0,0,,1,6,22.42
2026-01-11 22:30:00,21.65,0.0,0,,1,6,22.5
2026-01-11 22:35:00,21.59,0.0,0,,1,6,22.58
2026-01-11 22:40:00,21.54,0.0,0,,1,6,22.67
2026-01-11 22:45:00,21.49,0.0,0,,1,6,22.75
2026-01-11 22:50:00,21.45,0.0,0,,1,6,22.83
2026-01-11 22:55:00,21.4,0.0,0,,1,6,22.92
2026-01-11 23:00:00,21.36,0.0,0,,1,6,23.0
2026-01-11 23:05:00,21.31,0.0,0,,1,6,23.08
2026-01-11 23:10:00,21.27,0.0,0,,1,6,23.17
2026-01-11 23:15:00,21.23,0.0,0,,1,6,23.25
2026-01-11 23:20:00,21.19,0.0,0,,1,6,23.33
2026-01-11 23:25:00,21.16,0.0,0,,1,6,23.42
2026-01-11 23:30:00,21.12,0.0,0,,1,6,23.5
2026-01-11 23:35:00,21.09,0.0,0,,1,6,23.58
2026-01-11 23:40:00,21.06,0.0,0,,1,6,23.67
2026-01-11 23:45:00,21.03,0.0,0,,1,6,23.75
2026-01-11 23:50:00,21.01,0.0,0,,1,6,23.83
2026-01-11 23:55:00,20.98,0.0,0,,1,6,23.92
2026-01-12 00:00:00,23.23,0.0,0,,0,0,0.0
2026-01-12 00:05:00,23.21,0.0,0,,0,0,0.08
2026-01-12 00:10:00,23.19,0.0,0,,0,0,0.17
2026-01-12 00:15:00,23.17,0.0,0,,0,0,0.25
2026-01-12 00:20:00,23.16,0.0,0,,0,0,0.33
2026-01-12 00:25:00,23.14,0.0,0,,0,0,0.42
2026-01-12 00:30:00,23.13,0.0,0,,0,0,0.5
2026-01-12 00:35:00,23.12,0.0,0,,0,0,0.58
2026-01-12 00:40:00,23.11,0.0,0,,0,0,0.67
2026-01-12 00:45:00,23.11,0.0,0,,0,0,0.75
2026-01-12 00:50:00,23.1,0.0,0,,0,0,0.83
2026-01-12 00:55:00,23.1,0.0,0,,0,0,0.92
2026-01-12 01:00:00,23.1,0.0,0,,0,0,1.0
2026-01-12 01:05:00,23.1,0.0,0,,0,0,1.08
2026-01-12 01:10:00,23.1,0.0,0,,0,0,1.17
2026-01-12 01:15:00,23.11,0.0,0,,0,0,1.25
2026-01-12 01:20:00,23.11,0.0,0,,0,0,1.33
2026-01-12 01:25:00,23.12,0.0,0,,0,0,1.42
2026-01-12 01:30:00,23.13,0.0,0,,0,0,1.5
2026-01-12 01:35:00,23.14,0.0,0,,0,0,1.58
2026-01-12 01:40:00,23.16,0.0,0,,0,0,1.67
2026-01-12 01:45:00,23.17,0.0,0,,0,0,1.75
2026-01-12 01:50:00,23.19,0.0,0,,0,0,1.83
2026-01-12 01:55:00,23.21,0.0,0,,0,0,1.92
2026-01-12 02:00:00,23.23,0.0,0,,0,0,2.0
2026-01-12 02:05:00,23.26,0.0,0,,0,0,2.08
2026-01-12 02:10:00,23.28,0.0,0,,0,0,2.17
2026-01-12 02:15:00,23.31,0.0,0,,0,0,2.25
2026-01-12 02:20:00,23.34,0.0,0,,0,0,2.33
2026-01-12 02:25:00,23.37,0.0,0,,0,0,2.42
2026-01-12 02:30:00,23.4,0.0,0,,0,0,2.5
2026-01-12 02:35:00,23.44,0.0,0,,0,0,2.58
2026-01-12 02:40:00,23.47,0.0,0,,0,0,2.67
2026-01-12 02:45:00,23.51,0.0,0,,0,0,2.75
2026-01-12 02:50:00,23.55,0.0,0,,0,0,2.83
2026-01-12 02:55:00,23.59,0.0,0,,0,0,2.92
2026-01-12 03:00:00,23.63,0.0,0,,0,0,3.0
2026-01-12 03:05:00,23.68,0.0,0,,0,0,3.08
2026-01-12 03:10:00,23.72,0.0,0,,0,0,3.17
2026-01-12 03:15:00,23.77,0.0,0,,0,0,3.25
2026-01-12 03:20:00,23.82,0.0,0,,0,0,3.33
2026-01-12 03:25:00,23.87,0.0,0,,0,0,3.42
2026-01-12 03:30:00,23.92,0.0,0,,0,0,3.5
2026-01-12 03:35:00,23.98,0.0,0,,0,0,3.58
2026-01-12 03:40:00,24.03,0.0,0,,0,0,3.67
2026-01-12 03:45:00,24.09,0.0,0,,0,0,3.75
2026-01-12 03:50:00,24.15,0.0,0,,0,0,3.83
2026-01-12 03:55:00,24.21,0.0,0,,0,0,3.92
2026-01-12 04:00:00,24.27,0.0,0,,0,0,4.0
2026-01-12 04:05:00,24.33,0.0,0,,0,0,4.08
2026-01-12 04:10:00,24.4,0.0,0,,0,0,4.17
2026-01-12 04:15:00,24.46,0.0,0,,0,0,4.25
2026-01-12 04:20:00,24.53,0.0,0,,0,0,4.33
2026-01-12 04:25:00,24.59,0.0,0,,0,0,4.42
2026-01-12 04:30:00,24.66,0.0,0,,0,0,4.5
2026-01-12 04:35:00,24.73,0.0,0,,0,0,4.58
2026-01-12 04:40:00,24.8,0.0,0,,0,0,4.67
2026-01-12 04:45:00,24.88,0.0,0,,0,0,4.75
2026-01-12 04:50:00,24.95,0.0,0,,0,0,4.83
2026-01-12 04:55:00,25.02,0.0,0,,0,0,4.92
2026-01-12 05:00:00,25.1,0.0,0,,0,0,5.0
2026-01-12 05:05:00,25.17,0.0,0,,0,0,5.08
2026-01-12 05:10:00,25.25,0.0,0,,0,0,5.17
2026-01-12 05:15:00,25.33,0.0,0,,0,0,5.25
2026-01-12 05:20:00,25.41,0.0,0,,0,0,5.33
2026-01-12 05:25:00,25.49,0.0,0,,0,0,5.42
2026-01-12 05:30:00,25.57,0.0,0,,0,0,5.5
2026-01-12 05:35:00,25.65,0.0,0,,0,0,5.58
2026-01-12 05:40:00,25.73,0.0,0,,0,0,5.67
2026-01-12 05:45:00,25.81,0.0,0,,0,0,5.75
2026-01-12 05:50:00,25.9,0.0,0,,0,0,5.83
2026-01-12 05:55:00,25.98,0.0,0,,0,0,5.92
2026-01-12 06:00:00,26.06,0.0,0,,0,0,6.0
2026-01-12 06:05:00,26.15,0.0,0,,0,0,6.08
2026-01-12 06:10:00,26.23,0.0,0,,0,0,6.17
2026-01-12 06:15:00,26.32,0.0,0,,0,0,6.25
2026-01-12 06:20:00,26.4,0.0,0,,0,0,6.33
2026-01-12 06:25:00,26.49,0.0,0,,0,0,6.42
2026-01-12 06:30:00,26.58,0.0,0,,0,0,6.5
2026-01-12 06:35:00,26.66,0.0,0,,0,0,6.58
2026-01-12 06:40:00,26.75,0.0,0,,0,0,6.67
2026-01-12 06:45:00,26.84,0.0,0,,0,0,6.75
2026-01-12 06:50:00,26.92,0.0,0,,0,0,6.83
2026-01-12 06:55:00,27.01,0.0,0,,0,0,6.92
2026-01-12 07:00:00,27.1,0.0,0,,0,0,7.0
2026-01-12 07:05:00,27.19,0.0,0,,0,0,7.08
2026-01-12 07:10:00,27.27,0.0,0,,0,0,7.17
2026-01-12 07:15:00,27.36,0.0,0,,0,0,7.25
2026-01-12 07:20:00,27.45,0.0,0,,0,0,7.33
2026-01-12 07:25:00,27.53,0.0,0,,0,0,7.42
2026-01-12 07:30:00,27.62,0.0,0,,0,0,7.5
2026-01-12 07:35:00,27.71,0.0,0,,0,0,7.58
2026-01-12 07:40:00,27.79,0.0,0,,0,0,7.67
2026-01-12 07:45:00,27.88,0.0,0,,0,0,7.75
2026-01-12 07:50:00,27.96,0.0,0,,0,0,7.83
2026-01-12 07:55:00,28.05,0.0,0,,0,0,7.92
2026-01-12 08:00:00,28.13,0.0,0,,0,0,8.0
2026-01-12 08:05:00,28.22,0.0,0,,0,0,8.08
2026-01-12 08:10:00,28.3,0.0,0,,0,0,8.17
2026-01-12 08:15:00,28.38,0.0,0,,0,0,8.25
2026-01-12 08:20:00,28.47,0.0,0,,0,0,8.33
2026-01-12 08:25:00,28.55,0.0,0,,0,0,8.42
2026-01-12 08:30:00,28.63,0.0,0,,0,0,8.5
2026-01-12 08:35:00,28.71,0.0,0,,0,0,8.58
2026-01-12 08:40:00,28.79,0.0,0,,0,0,8.67
2026-01-12 08:45:00,28.87,0.0,0,,0,0,8.75
2026-01-12 08:50:00,28.94,0.0,0,,0,0,8.83
2026-01-12 08:55:00,29.02,0.0,0,,0,0,8.92
2026-01-12 09:00:00,29.1,0.0,0,,0,0,9.0
2026-01-12 09:05:00,29.17,0.0,0,,0,0,9.08
2026-01-12 09:10:00,29.25,0.0,0,,0,0,9.17
2026-01-12 09:15:00,29.32,0.0,0,,0,0,9.25
2026-01-12 09:20:00,29.39,0.0,0,,0,0,9.33
2026-01-12 09:25:00,29.46,0.0,0,,0,0,9.42
2026-01-12 09:30:00,29.53,0.0,0,,0,0,9.5
2026-01-12 09:35:00,29.6,0.0,0,,0,0,9.58
2026-01-12 09:40:00,29.67,0.0,0,,0,0,9.67
2026-01-12 09:45:00,29.74,0.0,0,,0,0,9.75
2026-01-12 09:50:00,29.8,0.0,0,,0,0,9.83
2026-01-12 09:55:00,29.86,0.0,0,,0,0,9.92
2026-01-12 10:00:00,29.93,0.0,0,,0,0,10.0
2026-01-12 10:05:00,29.99,0.0,0,,0,0,10.08
2026-01-12 10:10:00,30.05,0.0,0,,0,0,10.17
2026-01-12 10:15:00,30.11,0.0,0,,0,0,10.25
2026-01-12 10:20:00,30.16,0.0,0,,0,0,10.33
2026-01-12 10:25:00,30.22,0.0,0,,0,0,10.42
2026-01-12 10:30:00,30.27,0.0,0,,0,0,10.5
2026-01-12 10:35:00,30.32,0.0,0,,0,0,10.58
2026-01-12 10:40:00,30.37,0.0,0,,0,0,10.67
2026-01-12 10:45:00,30.42,0.0,0,,0,0,10.75
2026-01-12 10:50:00,30.47,0.0,0,,0,0,10.83
2026-01-12 10:55:00,30.52,0.0,0,,0,0,10.92
2026-01-12 11:00:00,30.56,0.0,0,,0,0,11.0
2026-01-12 11:05:00,30.6,0.0,0,,0,0,11.08
2026-01-12 11:10:00,30.65,0.0,0,,0,0,11.17
2026-01-12 11:15:00,30.69,0.0,0,,0,0,11.25
2026-01-12 11:20:00,30.72,0.0,0,,0,0,11.33
2026-01-12 11:25:00,30.76,0.0,0,,0,0,11.42
2026-01-12 11:30:00,30.79,0.0,0,,0,0,11.5
2026-01-12 11:35:00,30.83,0.0,0,,0,0,11.58
2026-01-12 11:40:00,30.86,0.0,0,,0,0,11.67
2026-01-12 11:45:00,30.89,0.0,0,,0,0,11.75
2026-01-12 11:50:00,30.91,0.0,0,,0,0,11.83
2026-01-12 11:55:00,30.94,0.0,0,,0,0,11.92
2026-01-12 12:00:00,30.96,0.0,0,,0,0,12.0
2026-01-12 12:05:00,30.98,0.0,0,,0,0,12.08
2026-01-12 12:10:00,31.0,0.0,0,,0,0,12.17
2026-01-12 12:15:00,31.02,0.0,0,,0,0,12.25
2026-01-12 12:20:00,31.04,0.0,0,,0,0,12.33
2026-01-12 12:25:00,31.05,0.0,0,,0,0,12.42
2026-01-12 12:30:00,31.06,0.0,0,,0,0,12.5
2026-01-12 12:35:00,31.07,0.0,0,,0,0,12.58
2026-01-12 12:40:00,31.08,0.0,0,,0,0,12.67
2026-01-12 12:45:00,31.09,0.0,0,,0,0,12.75
2026-01-12 12:50:00,31.09,0.0,0,,0,0,12.83
2026-01-12 12:55:00,31.1,0.0,0,,0,0,12.92
2026-01-12 13:00:00,31.1,0.0,0,,0,0,13.0
2026-01-12 13:05:00,31.1,0.0,0,,0,0,13.08
2026-01-12 13:10:00,31.09,0.0,0,,0,0,13.17
2026-01-12 13:15:00,31.09,0.0,0,,0,0,13.25
2026-01-12 13:20:00,31.08,0.0,0,,0,0,13.33
2026-01-12 13:25:00,31.07,0.0,0,,0,0,13.42
2026-01-12 13:30:00,31.06,0.0,0,,0,0,13.5
2026-01-12 13:35:00,31.05,0.0,0,,0,0,13.58
2026-01-12 13:40:00,31.04,0.0,0,,0,0,13.67
2026-01-12 13:45:00,31.02,0.0,0,,0,0,13.75
2026-01-12 13:50:00,31.0,0.0,0,,0,0,13.83
2026-01-12 13:55:00,30.98,0.0,0,,0,0,13.92
2026-01-12 14:00:00,30.96,0.0,0,,0,0,14.0
2026-01-12 14:05:00,30.94,0.0,0,,0,0,14.08
2026-01-12 14:10:00,30.91,0.0,0,,0,0,14.17
2026-01-12 14:15:00,30.89,0.0,0,,0,0,14.25
2026-01-12 14:20:00,30.86,0.0,0,,0,0,14.33
2026-01-12 14:25:00,30.83,0.0,0,,0,0,14.42
2026-01-12 14:30:00,30.79,0.0,0,,0,0,14.5
2026-01-12 14:35:00,30.76,0.0,0,,0,0,14.58
2026-01-12 14:40:00,30.72,0.0,0,,0,0,14.67
2026-01-12 14:45:00,30.69,0.0,0,,0,0,14.75
2026-01-12 14:50:00,30.65,0.0,0,,0,0,14.83
2026-01-12 14:55:00,30.6,0.0,0,,0,0,14.92
2026-01-12 15:00:00,30.56,0.0,0,,0,0,15.0
2026-01-12 15:05:00,30.52,0.0,0,,0,0,15.08
2026-01-12 15:10:00,30.47,0.0,0,,0,0,15.17
2026-01-12 15:15:00,30.42,0.0,0,,0,0,15.25
2026-01-12 15:20:00,30.37,0.0,0,,0,0,15.33
2026-01-12 15:25:00,30.32,0.0,0,,0,0,15.42
2026-01-12 15:30:00,30.27,0.0,0,,0,0,15.5
2026-01-12 15:35:00,30.22,0.0,0,,0,0,15.58
2026-01-12 15:40:00,30.16,0.0,0,,0,0,15.67
2026-01-12 15:45:00,30.11,0.0,0,,0,0,15.75
2026-01-12 15:50:00,30.05,0.0,0,,0,0,15.83
2026-01-12 15:55:00,29.99,0.0,0,,0,0,15.92
2026-01-12 16:00:00,29.93,0.0,0,,0,0,16.0
2026-01-12 16:05:00,29.86,0.0,0,,0,0,16.08
2026-01-12 16:10:00,29.8,0.0,0,,0,0,16.17
2026-01-12 16:15:00,29.74,0.0,0,,0,0,16.25
2026-01-12 16:20:00,29.67,0.0,0,,0,0,16.33
2026-01-12 16:25:00,29.6,0.0,0,,0,0,16.42
2026-01-12 16:30:00,29.53,0.0,0,,0,0,16.5
2026-01-12 16:35:00,29.46,0.0,0,,0,0,16.58
2026-01-12 16:40:00,29.39,0.0,0,,0,0,16.67
2026-01-12 16:45:00,29.32,0.0,0,,0,0,16.75
2026-01-12 16:50:00,29.25,0.0,0,,0,0,16.83
2026-01-12 16:55:00,29.17,0.0,0,,0,0,16.92
2026-01-12 17:00:00,29.1,0.0,0,,0,0,17.0
2026-01-12 17:05:00,29.02,0.0,0,,0,0,17.08
2026-01-12 17:10:00,28.94,0.0,0,,0,0,17.17
2026-01-12 17:15:00,28.87,0.0,0,,0,0,17.25
2026-01-12 17:20:00,28.79,0.0,0,,0,0,17.33
2026-01-12 17:25:00,28.71,0.0,0,,0,0,17.42
2026-01-12 17:30:00,28.63,0.0,0,,0,0,17.5
2026-01-12 17:35:00,28.55,0.0,0,,0,0,17.58
2026-01-12 17:40:00,28.47,0.0,0,,0,0,17.67
2026-01-12 17:45:00,28.38,0.0,0,,0,0,17.75
2026-01-12 17:50:00,28.3,0.0,0,,0,0,17.83
2026-01-12 17:55:00,28.22,0.0,0,,0,0,17.92
2026-01-12 18:00:00,28.13,0.0,0,,0,0,18.0
2026-01-12 18:05:00,28.05,0.0,0,,0,0,18.08
2026-01-12 18:10:00,27.96,0.0,0,,0,0,18.17
2026-01-12 18:15:00,27.88,0.0,0,,0,0,18.25
2026-01-12 18:20:00,27.79,0.0,0,,0,0,18.33
2026-01-12 18:25:00,27.71,0.0,0,,0,0,18.42
2026-01-12 18:30:00,27.62,0.0,0,,0,0,18.5
2026-01-12 18:35:00,27.53,0.0,0,,0,0,18.58
2026-01-12 18:40:00,27.45,0.0,0,,0,0,18.67
2026-01-12 18:45:00,27.36,0.0,0,,0,0,18.75
2026-01-12 18:50:00,27.27,0.0,0,,0,0,18.83
2026-01-12 18:55:00,27.19,0.0,0,,0,0,18.92
2026-01-12 19:00:00,27.1,0.0,0,,0,0,19.0
2026-01-12 19:05:00,27.01,0.0,0,,0,0,19.08
2026-01-12 19:10:00,26.92,0.0,0,,0,0,19.17
2026-01-12 19:15:00,26.84,0.0,0,,0,0,19.25
2026-01-12 19:20:00,26.75,0.0,0,,0,0,19.33
2026-01-12 19:25:00,26.66,0.0,0,,0,0,19.42
2026-01-12 19:30:00,26.58,0.0,0,,0,0,19.5
2026-01-12 19:35:00,26.49,0.0,0,,0,0,19.58
2026-01-12 19:40:00,26.4,0.0,0,,0,0,19.67
2026-01-12 19:45:00,26.32,0.0,0,,0,0,19.75
2026-01-12 19:50:00,26.23,0.0,0,,0,0,19.83
2026-01-12 19:55:00,26.15,0.0,0,,0,0,19.92
2026-01-12 20:00:00,26.06,0.0,0,,0,0,20.0
2026-01-12 20:05:00,25.98,0.0,0,,0,0,20.08
2026-01-12 20:10:00,25.9,0.0,0,,0,0,20.17
2026-01-12 20:15:00,25.81,0.0,0,,0,0,20.25
2026-01-12 20:20:00,25.73,0.0,0,,0,0,20.33
2026-01-12 20:25:00,25.65,0.0,0,,0,0,20.42
2026-01-12 20:30:00,25.57,0.0,0,,0,0,20.5
2026-01-12 20:35:00,25.49,0.0,0,,0,0,20.58
2026-01-12 20:40:00,25.41,0.0,0,,0,0,20.67
2026-01-12 20:45:00,25.33,0.0,0,,0,0,20.75
2026-01-12 20:50:00,25.25,0.0,0,,0,0,20.83
2026-01-12 20:55:00,25.17,0.0,0,,0,0,20.92
2026-01-12 21:00:00,25.1,0.0,0,,0,0,21.0
2026-01-12 21:05:00,25.02,0.0,0,,0,0,21.08
2026-01-12 21:10:00,24.95,0.0,0,,0,0,21.17
2026-01-12 21:15:00,24.88,0.0,0,,0,0,21.25
2026-01-12 21:20:00,24.8,0.0,0,,0,0,21.33
2026-01-12 21:25:00,24.73,0.0,0,,0,0,21.42
2026-01-12 21:30:00,24.66,0.0,0,,0,0,21.5
2026-01-12 21:35:00,24.59,0.0,0,,0,0,21.58
2026-01-12 21:40:00,24.53,0.0,0,,0,0,21.67
2026-01-12 21:45:00,24.46,0.0,0,,0,0,21.75
2026-01-12 21:50:00,24.4,0.0,0,,0,0,21.83
2026-01-12 21:55:00,24.33,0.0,0,,0,0,21.92
2026-01-12 22:00:00,24.27,0.0,0,,0,0,22.0
2026-01-12 22:05:00,24.21,0.0,0,,0,0,22.08
2026-01-12 22:10:00,24.15,0.0,0,,0,0,22.17
2026-01-12 22:15:00,24.09,0.0,0,,0,0,22.25
2026-01-12 22:20:00,24.03,0.0,0,,0,0,22.33
2026-01-12 22:25:00,23.98,0.0,0,,0,0,22.42
2026-01-12 22:30:00,23.92,0.0,0,,0,0,22.5
2026-01-12 22:35:00,23.87,0.0,0,,0,0,22.58
2026-01-12 22:40:00,23.82,0.0,0,,0,0,22.67
2026-01-12 22:45:00,23.77,0.0,0,,0,0,22.75
2026-01-12 22:50:00,23.72,0.0,0,,0,0,22.83
2026-01-12 22:55:00,23.68,0.0,0,,0,0,22.92
2026-01-12 23:00:00,23.63,0.0,0,,0,0,23.0
2026-01-12 23:05:00,23.59,0.0,0,,0,0,23.08
2026-01-12 23:10:00,23.55,0.0,0,,0,0,23.17
2026-01-12 23:15:00,23.51,0.0,0,,0,0,23.25
2026-01-12 23:20:00,23.47,0.0,0,,0,0,23.33
2026-01-12 23:25:00,23.44,0.0,0,,0,0,23.42
2026-01-12 23:30:00,23.4,0.0,0,,0,0,23.5
2026-01-12 23:35:00,23.37,0.0,0,,0,0,23.58
2026-01-12 23:40:00,23.34,0.0,0,,0,0,23.67
2026-01-12 23:45:00,23.31,0.0,0,,0,0,23.75
2026-01-12 23:50:00,23.28,0.0,0,,0,0,23.83
2026-01-12 23:55:00,23.26,0.0,0,,0,0,23.92
2026-01-13 00:00:00,20.18,0.0,0,,0,1,0.0
2026-01-13 00:05:00,20.16,0.0,0,,0,1,0.08
2026-01-13 00:10:00,20.14,0.0,0,,0,1,0.17
2026-01-13 00:15:00,20.12,0.0,0,,0,1,0.25
2026-01-13 00:20:00,20.11,0.0,0,,0,1,0.33
2026-01-13 00:25:00,20.09,0.0,0,,0,1,0.42
2026-01-13 00:30:00,20.08,0.0,0,,0,1,0.5
2026-01-13 00:35:00,20.07,0.0,0,,0,1,0.58
2026-01-13 00:40:00,20.06,0.0,0,,0,1,0.67
2026-01-13 00:45:00,20.06,0.0,0,,0,1,0.75
2026-01-13 00:50:00,20.05,0.0,0,,0,1,0.83
2026-01-13 00:55:00,20.05,0.0,0,,0,1,0.92
2026-01-13 01:00:00,20.05,0.0,0,,0,1,1.0
2026-01-13 01:05:00,20.05,0.0,0,,0,1,1.08
2026-01-13 01:10:00,20.05,0.0,0,,0,1,1.17
2026-01-13 01:15:00,20.06,0.0,0,,0,1,1.25
2026-01-13 01:20:00,20.06,0.0,0,,0,1,1.33
2026-01-13 01:25:00,20.07,0.0,0,,0,1,1.42
2026-01-13 01:30:00,20.08,0.0,0,,0,1,1.5
2026-01-13 01:35:00,20.09,0.0,0,,0,1,1.58
2026-01-13 01:40:00,20.11,0.0,0,,0,1,1.67
2026-01-13 01:45:00,20.12,0.0,0,,0,1,1.75
2026-01-13 01:50:00,20.14,0.0,0,,0,1,1.83
2026-01-13 01:55:00,20.16,0.0,0,,0,1,1.92
2026-01-13 02:00:00,20.18,0.0,0,,0,1,2.0
2026-01-13 02:05:00,20.21,0.0,0,,0,1,2.08
2026-01-13 02:10:00,20.23,0.0,0,,0,1,2.17
2026-01-13 02:15:00,20.26,0.0,0,,0,1,2.25
2026-01-13 02:20:00,20.29,0.0,0,,0,1,2.33
2026-01-13 02:25:00,20.32,0.0,0,,0,1,2.42
2026-01-13 02:30:00,20.35,0.0,0,,0,1,2.5
2026-01-13 02:35:00,20.39,0.0,0,,0,1,2.58
2026-01-13 02:40:00,20.42,0.0,0,,0,1,2.67
2026-01-13 02:45:00,20.46,0.0,0,,0,1,2.75
2026-01-13 02:50:00,20.5,0.0,0,,0,1,2.83
2026-01-13 02:55:00,20.54,0.0,0,,0,1,2.92
2026-01-13 03:00:00,20.58,0.0,0,,0,1,3.0
2026-01-13 03:05:00,20.63,0.0,0,,0,1,3.08
2026-01-13 03:10:00,20.67,0.0,0,,0,1,3.17
2026-01-13 03:15:00,20.72,0.0,0,,0,1,3.25
2026-01-13 03:20:00,20.77,0.0,0,,0,1,3.33
2026-01-13 03:25:00,20.82,0.0,0,,0,1,3.42
2026-01-13 03:30:00,20.87,0.0,0,,0,1,3.5
2026-01-13 03:35:00,20.93,0.0,0,,0,1,3.58
2026-01-13 03:40:00,20.98,0.0,0,,0,1,3.67
2026-01-13 03:45:00,21.04,0.0,0,,0,1,3.75
2026-01-13 03:50:00,21.1,0.0,0,,0,1,3.83
2026-01-13 03:55:00,21.16,0.0,0,,0,1,3.92
2026-01-13 04:00:00,21.22,0.0,0,,0,1,4.0
2026-01-13 04:05:00,21.28,0.0,0,,0,1,4.08
2026-01-13 04:10:00,21.35,0.0,0,,0,1,4.17
2026-01-13 04:15:00,21.41,0.0,0,,0,1,4.25
2026-01-13 04:20:00,21.48,0.0,0,,0,1,4.33
2026-01-13 04:25:00,21.54,0.0,0,,0,1,4.42
2026-01-13 04:30:00,21.61,0.0,0,,0,1,4.5
2026-01-13 04:35:00,21.68,0.0,0,,0,1,4.58
2026-01-13 04:40:00,21.75,0.0,0,,0,1,4.67
2026-01-13 04:45:00,21.83,0.0,0,,0,1,4.75
2026-01-13 04:50:00,21.9,0.0,0,,0,1,4.83
2026-01-13 04:55:00,21.97,0.0,0,,0,1,4.92
2026-01-13 05:00:00,22.05,0.0,0,,0,1,5.0
2026-01-13 05:05:00,22.12,0.0,0,,0,1,5.08
2026-01-13 05:10:00,22.2,0.0,0,,0,1,5.17
2026-01-13 05:15:00,22.28,0.0,0,,0,1,5.25
2026-01-13 05:20:00,22.36,0.0,0,,0,1,5.33
2026-01-13 05:25:00,22.44,0.0,0,,0,1,5.42
2026-01-13 05:30:00,22.52,0.0,0,,0,1,5.5
2026-01-13 05:35:00,22.6,0.0,0,,0,1,5.58
2026-01-13 05:40:00,22.68,0.0,0,,0,1,5.67
2026-01-13 05:45:00,22.76,0.0,0,,0,1,5.75
2026-01-13 05:50:00,22.84,0.0,0,,0,1,5.83
2026-01-13 05:55:00,22.93,0.0,0,,0,1,5.92
2026-01-13 06:00:00,23.01,0.0,0,,0,1,6.0
2026-01-13 06:05:00,23.1,0.0,0,,0,1,6.08
2026-01-13 06:10:00,23.18,0.0,0,,0,1,6.17
2026-01-13 06:15:00,23.27,0.0,0,,0,1,6.25
2026-01-13 06:20:00,23.35,0.0,0,,0,1,6.33
2026-01-13 06:25:00,23.44,0.0,0,,0,1,6.42
2026-01-13 06:30:00,23.53,0.0,0,,0,1,6.5
2026-01-13 06:35:00,23.61,0.0,0,,0,1,6.58
2026-01-13 06:40:00,23.7,0.0,0,,0,1,6.67
2026-01-13 06:45:00,23.79,0.0,0,,0,1,6.75
2026-01-13 06:50:00,23.87,0.0,0,,0,1,6.83
2026-01-13 06:55:00,23.96,0.0,0,,0,1,6.92
2026-01-13 07:00:00,24.05,0.0,0,,0,1,7.0
2026-01-13 07:05:00,24.13,0.0,0,,0,1,7.08
2026-01-13 07:10:00,24.22,0.0,0,,0,1,7.17
2026-01-13 07:15:00,24.31,0.0,0,,0,1,7.25
2026-01-13 07:20:00,24.4,0.0,0,,0,1,7.33
2026-01-13 07:25:00,24.48,0.0,0,,0,1,7.42
2026-01-13 07:30:00,24.57,0.0,0,,0,1,7.5
2026-01-13 07:35:00,24.66,0.0,0,,0,1,7.58
2026-01-13 07:40:00,24.74,0.0,0,,0,1,7.67
2026-01-13 07:45:00,24.83,0.0,0,,0,1,7.75
2026-01-13 07:50:00,24.91,0.0,0,,0,1,7.83
2026-01-13 07:55:00,25.0,0.0,0,,0,1,7.92
2026-01-13 08:00:00,25.08,0.0,0,,0,1,8.0
2026-01-13 08:05:00,25.17,0.0,0,,0,1,8.08
2026-01-13 08:10:00,25.25,0.0,0,,0,1,8.17
2026-01-13 08:15:00,25.33,0.0,0,,0,1,8.25
2026-01-13 08:20:00,25.42,0.0,0,,0,1,8.33
2026-01-13 08:25:00,25.5,0.0,0,,0,1,8.42
2026-01-13 08:30:00,25.58,0.0,0,,0,1,8.5
2026-01-13 08:35:00,25.66,0.0,0,,0,1,8.58
2026-01-13 08:40:00,25.74,0.0,0,,0,1,8.67
2026-01-13 08:45:00,25.82,0.0,0,,0,1,8.75
2026-01-13 08:50:00,25.89,0.0,0,,0,1,8.83
2026-01-13 08:55:00,25.97,0.0,0,,0,1,8.92
2026-01-13 09:00:00,26.05,0.0,0,,0,1,9.0
2026-01-13 09:05:00,26.12,0.0,0,,0,1,9.08
2026-01-13 09:10:00,26.2,0.0,0,,0,1,9.17
2026-01-13 09:15:00,26.27,0.0,0,,0,1,9.25
2026-01-13 09:20:00,26.34,0.0,0,,0,1,9.33
2026-01-13 09:25:00,26.41,0.0,0,,0,1,9.42
2026-01-13 09:30:00,26.48,0.0,0,,0,1,9.5
2026-01-13 09:35:00,26.55,0.0,0,,0,1,9.58
2026-01-13 09:40:00,26.62,0.0,0,,0,1,9.67
2026-01-13 09:45:00,26.68,0.0,0,,0,1,9.75
2026-01-13 09:50:00,26.75,0.0,0,,0,1,9.83
2026-01-13 09:55:00,26.81,0.0,0,,0,1,9.92
2026-01-13 10:00:00,26.88,0.0,0,,0,1,10.0
2026-01-13 10:05:00,26.94,0.0,0,,0,1,10.08
2026-01-13 10:10:00,27.0,0.0,0,,0,1,10.17
2026-01-13 10:15:00,27.05,0.0,0,,0,1,10.25
2026-01-13 10:20:00,27.11,0.0,0,,0,1,10.33
2026-01-13 10:25:00,27.17,0.0,0,,0,1,10.42
2026-01-13 10:30:00,27.22,0.0,0,,0,1,10.5
2026-01-13 10:35:00,27.27,0.0,0,,0,1,10.58
2026-01-13 10:40:00,27.32,0.0,0,,0,1,10.67
2026-01-13 10:45:00,27.37,0.0,0,,0,1,10.75
2026-01-13 10:50:00,27.42,0.0,0,,0,1,10.83
2026-01-13 10:55:00,27.47,0.0,0,,0,1,10.92
2026-01-13 11:00:00,27.51,0.0,0,,0,1,11.0
2026-01-13 11:05:00,27.55,0.0,0,,0,1,11.08
2026-01-13 11:10:00,27.6,0.0,0,,0,1,11.17
2026-01-13 11:15:00,27.63,0.0,0,,0,1,11.25
2026-01-13 11:20:00,27.67,0.0,0,,0,1,11.33
2026-01-13 11:25:00,27.71,0.0,0,,0,1,11.42
2026-01-13 11:30:00,27.74,0.0,0,,0,1,11.5
2026-01-13 11:35:00,27.78,0.0,0,,0,1,11.58
2026-01-13 11:40:00,27.81,0.0,0,,0,1,11.67
2026-01-13 11:45:00,27.84,0.0,0,,0,1,11.75
2026-01-13 11:50:00,27.86,0.0,0,,0,1,11.83
2026-01-13 11:55:00,27.89,0.0,0,,0,1,11.92
2026-01-13 12:00:00,27.91,0.0,0,,0,1,12.0
2026-01-13 12:05:00,27.93,0.0,0,,0,1,12.08
2026-01-13 12:10:00,27.95,0.0,0,,0,1,12.17
2026-01-13 12:15:00,27.97,0.0,0,,0,1,12.25
2026-01-13 12:20:00,27.99,0.0,0,,0,1,12.33
2026-01-13 12:25:00,28.0,0.0,0,,0,1,12.42
2026-01-13 12:30:00,28.01,0.0,0,,0,1,12.5
2026-01-13 12:35:00,28.02,0.0,0,,0,1,12.58
2026-01-13 12:40:00,28.03,0.0,0,,0,1,12.67
2026-01-13 12:45:00,28.04,0.0,0,,0,1,12.75
2026-01-13 12:50:00,28.04,0.0,0,,0,1,12.83
2026-01-13 12:55:00,28.05,0.0,0,,0,1,12.92
2026-01-13 13:00:00,28.05,0.0,0,,0,1,13.0
2026-01-13 13:05:00,28.05,0.0,0,,0,1,13.08
2026-01-13 13:10:00,28.04,0.0,0,,0,1,13.17
2026-01-13 13:15:00,28.04,0.0,0,,0,1,13.25
2026-01-13 13:20:00,28.03,0.0,0,,0,1,13.33
2026-01-13 13:25:00,28.02,0.0,0,,0,1,13.42
2026-01-13 13:30:00,28.01,0.0,0,,0,1,13.5
2026-01-13 13:35:00,28.0,0.0,0,,0,1,13.58
2026-01-13 13:40:00,27.99,0.0,0,,0,1,13.67
2026-01-13 13:45:00,27.97,0.0,0,,0,1,13.75
2026-01-13 13:50:00,27.95,0.0,0,,0,1,13.83
2026-01-13 13:55:00,27.93,0.0,0,,0,1,13.92
2026-01-13 14:00:00,27.91,0.0,0,,0,1,14.0
2026-01-13 14:05:00,27.89,0.0,0,,0,1,14.08
2026-01-13 14:10:00,27.86,0.0,0,,0,1,14.17
2026-01-13 14:15:00,27.84,0.0,0,,0,1,14.25
2026-01-13 14:20:00,27.81,0.0,0,,0,1,14.33
2026-01-13 14:25:00,27.78,0.0,0,,0,1,14.42
2026-01-13 14:30:00,27.74,0.0,0,,0,1,14.5
2026-01-13 14:35:00,27.71,0.0,0,,0,1,14.58
2026-01-13 14:40:00,27.67,0.0,0,,0,1,14.67
2026-01-13 14:45:00,27.63,0.0,0,,0,1,14.75
2026-01-13 14:50:00,27.6,0.0,0,,0,1,14.83
2026-01-13 14:55:00,27.55,0.0,0,,0,1,14.92
2026-01-13 15:00:00,27.51,0.0,0,,0,1,15.0
2026-01-13 15:05:00,27.47,0.0,0,,0,1,15.08
2026-01-13 15:10:00,27.42,0.0,0,,0,1,15.17
2026-01-13 15:15:00,27.37,0.0,0,,0,1,15.25
2026-01-13 15:20:00,27.32,0.0,0,,0,1,15.33
2026-01-13 15:25:00,27.27,0.0,0,,0,1,15.42
2026-01-13 15:30:00,27.22,0.0,0,,0,1,15.5
2026-01-13 15:35:00,27.17,0.0,0,,0,1,15.58
2026-01-13 15:40:00,27.11,0.0,0,,0,1,15.67
2026-01-13 15:45:00,27.05,0.0,0,,0,1,15.75
2026-01-13 15:50:00,27.0,0.0,0,,0,1,15.83
2026-01-13 15:55:00,26.94,0.0,0,,0,1,15.92
2026-01-13 16:00:00,26.88,0.0,0,,0,1,16.0
2026-01-13 16:05:00,26.81,0.0,0,,0,1,16.08
2026-01-13 16:10:00,26.75,0.0,0,,0,1,16.17
2026-01-13 16:15:00,26.68,0.0,0,,0,1,16.25
2026-01-13 16:20:00,26.62,0.0,0,,0,1,16.33
2026-01-13 16:25:00,26.55,0.0,0,,0,1,16.42
2026-01-13 16:30:00,26.48,0.0,0,,0,1,16.5
2026-01-13 16:35:00,26.41,0.0,0,,0,1,16.58
2026-01-13 16:40:00,26.34,0.0,0,,0,1,16.67
2026-01-13 16:45:00,26.27,0.0,0,,0,1,16.75
2026-01-13 16:50:00,26.2,0.0,0,,0,1,16.83
2026-01-13 16:55:00,26.12,0.0,0,,0,1,16.92
2026-01-13 17:00:00,26.05,0.0,0,,0,1,17.0
2026-01-13 17:05:00,25.97,0.0,0,,0,1,17.08
2026-01-13 17:10:00,25.89,0.0,0,,0,1,17.17
2026-01-13 17:15:00,25.82,0.0,0,,0,1,17.25
2026-01-13 17:20:00,25.74,0.0,0,,0,1,17.33
2026-01-13 17:25:00,25.66,0.0,0,,0,1,17.42
2026-01-13 17:30:00,25.58,0.0,0,,0,1,17.5
2026-01-13 17:35:00,25.5,0.0,0,,0,1,17.58
2026-01-13 17:40:00,25.42,0.0,0,,0,1,17.67
2026-01-13 17:45:00,25.33,0.0,0,,0,1,17.75
2026-01-13 17:50:00,25.25,0.0,0,,0,1,17.83
2026-01-13 17:55:00,25.17,0.0,0,,0,1,17.92
2026-01-13 18:00:00,25.08,0.0,0,,0,1,18.0
2026-01-13 18:05:00,25.0,0.0,0,,0,1,18.08
2026-01-13 18:10:00,24.91,0.0,0,,0,1,18.17
2026-01-13 18:15:00,24.83,0.0,0,,0,1,18.25
2026-01-13 18:20:00,24.74,0.0,0,,0,1,18.33
2026-01-13 18:25:00,24.66,0.0,0,,0,1,18.42
2026-01-13 18:30:00,24.57,0.0,0,,0,1,18.5
2026-01-13 18:35:00,24.48,0.0,0,,0,1,18.58
2026-01-13 18:40:00,24.4,0.0,0,,0,1,18.67
2026-01-13 18:45:00,24.31,0.0,0,,0,1,18.75
2026-01-13 18:50:00,24.22,0.0,0,,0,1,18.83
2026-01-13 18:55:00,24.13,0.0,0,,0,1,18.92
2026-01-13 19:00:00,24.05,0.0,0,,0,1,19.0
2026-01-13 19:05:00,23.96,0.0,0,,0,1,19.08
2026-01-13 19:10:00,23.87,0.0,0,,0,1,19.17
2026-01-13 19:15:00,23.79,0.0,0,,0,1,19.25
2026-01-13 19:20:00,23.7,0.0,0,,0,1,19.33
2026-01-13 19:25:00,23.61,0.0,0,,0,1,19.42
2026-01-13 19:30:00,23.53,0.0,0,,0,1,19.5
2026-01-13 19:35:00,23.44,0.0,0,,0,1,19.58
2026-01-13 19:40:00,23.35,0.0,0,,0,1,19.67
2026-01-13 19:45:00,23.27,0.0,0,,0,1,19.75
2026-01-13 19:50:00,23.18,0.0,0,,0,1,19.83
2026-01-13 19:55:00,23.1,0.0,0,,0,1,19.92
2026-01-13 20:00:00,23.01,0.0,0,,0,1,20.0
2026-01-13 20:05:00,22.93,0.0,0,,0,1,20.08
2026-01-13 20:10:00,22.84,0.0,0,,0,1,20.17
2026-01-13 20:15:00,22.76,0.0,0,,0,1,20.25
2026-01-13 20:20:00,22.68,0.0,0,,0,1,20.33
2026-01-13 20:25:00,22.6,0.0,0,,0,1,20.42
2026-01-13 20:30:00,22.52,0.0,0,,0,1,20.5
2026-01-13 20:35:00,22.44,0.0,0,,0,1,20.58
2026-01-13 20:40:00,22.36,0.0,0,,0,1,20.67
2026-01-13 20:45:00,22.28,0.0,0,,0,1,20.75
2026-01-13 20:50:00,22.2,0.0,0,,0,1,20.83
2026-01-13 20:55:00,22.12,0.0,0,,0,1,20.92
2026-01-13 21:00:00,22.05,0.0,0,,0,1,21.0
2026-01-13 21:05:00,21.97,0.0,0,,0,1,21.08
2026-01-13 21:10:00,21.9,0.0,0,,0,1,21.17
2026-01-13 21:15:00,21.83,0.0,0,,0,1,21.25
2026-01-13 21:20:00,21.75,0.0,0,,0,1,21.33
2026-01-13 21:25:00,21.68,0.0,0,,0,1,21.42
2026-01-13 21:30:00,21.61,0.0,0,,0,1,21.5
2026-01-13 21:35:00,21.54,0.0,0,,0,1,21.58
2026-01-13 21:40:00,21.48,0.0,0,,0,1,21.67
2026-01-13 21:45:00,21.41,0.0,0,,0,1,21.75
2026-01-13 21:50:00,21.35,0.0,0,,0,1,21.83
2026-01-13 21:55:00,21.28,0.0,0,,0,1,21.92
2026-01-13 22:00:00,21.22,0.0,0,,0,1,22.0
2026-01-13 22:05:00,21.16,0.0,0,,0,1,22.08
2026-01-13 22:10:00,21.1,0.0,0,,0,1,22.17
2026-01-13 22:15:00,21.04,0.0,0,,0,1,22.25
2026-01-13 22:20:00,20.98,0.0,0,,0,1,22.33
2026-01-13 22:25:00,20.93,0.0,0,,0,1,22.42
2026-01-13 22:30:00,20.87,0.0,0,,0,1,22.5
2026-01-13 22:35:00,20.82,0.0,0,,0,1,22.58
2026-01-13 22:40:00,20.77,0.0,0,,0,1,22.67
2026-01-13 22:45:00,20.72,0.0,0,,0,1,22.75
2026-01-13 22:50:00,20.67,0.0,0,,0,1,22.83
2026-01-13 22:55:00,20.63,0.0,0,,0,1,22.92
2026-01-13 23:00:00,20.58,0.0,0,,0,1,23.0
2026-01-13 23:05:00,20.54,0.0,0,,0,1,23.08
2026-01-13 23:10:00,20.5,0.0,0,,0,1,23.17
2026-01-13 23:15:00,20.46,0.0,0,,0,1,23.25
2026-01-13 23:20:00,20.42,0.0,0,,0,1,23.33
2026-01-13 23:25:00,20.39,0.0,0,,0,1,23.42
2026-01-13 23:30:00,20.35,0.0,0,,0,1,23.5
2026-01-13 23:35:00,20.32,0.0,0,,0,1,23.58
2026-01-13 23:40:00,20.29,0.0,0,,0,1,23.67
2026-01-13 23:45:00,20.26,0.0,0,,0,1,23.75
2026-01-13 23:50:00,20.23,0.0,0,,0,1,23.83
2026-01-13 23:55:00,20.21,0.0,0,,0,1,23.92
2026-01-14 00:00:00,21.85,0.0,0,,0,2,0.0
2026-01-14 00:05:00,21.83,0.0,0,,0,2,0.08
2026-01-14 00:10:00,21.81,0.0,0,,0,2,0.17
2026-01-14 00:15:00,21.79,0.0,0,,0,2,0.25
2026-01-14 00:20:00,21.77,0.0,0,,0,2,0.33
2026-01-14 00:25:00,21.76,0.0,0,,0,2,0.42
2026-01-14 00:30:00,21.75,0.0,0,,0,2,0.5
2026-01-14 00:35:00,21.73,0.0,0,,0,2,0.58
2026-01-14 00:40:00,21.73,0.0,0,,0,2,0.67
2026-01-14 00:45:00,21.72,0.0,0,,0,2,0.75
2026-01-14 00:50:00,21.71,0.0,0,,0,2,0.83
2026-01-14 00:55:00,21.71,0.0,0,,0,2,0.92
2026-01-14 01:00:00,21.71,0.0,0,,0,2,1.0
2026-01-14 01:05:00,21.71,0.0,0,,0,2,1.08
2026-01-14 01:10:00,21.71,0.0,0,,0,2,1.17
2026-01-14 01:15:00,21.72,0.0,0,,0,2,1.25
2026-01-14 01:20:00,21.73,0.0,0,,0,2,1.33
2026-01-14 01:25:00,21.73,0.0,0,,0,2,1.42
2026-01-14 01:30:00,21.75,0.0,0,,0,2,1.5
2026-01-14 01:35:00,21.76,0.0,0,,0,2,1.58
2026-01-14 01:40:00,21.77,0.0,0,,0,2,1.67
2026-01-14 01:45:00,21.79,0.0,0,,0,2,1.75
2026-01-14 01:50:00,21.81,0.0,0,,0,2,1.83
2026-01-14 01:55:00,21.83,0.0,0,,0,2,1.92
2026-01-14 02:00:00,21.85,0.0,0,,0,2,2.0
2026-01-14 02:05:00,21.87,0.0,0,,0,2,2.08
2026-01-14 02:10:00,21.9,0.0,0,,0,2,2.17
2026-01-14 02:15:00,21.92,0.0,0,,0,2,2.25
2026-01-14 02:20:00,21.95,0.0,0,,0,2,2.33
2026-01-14 02:25:00,21.98,0.0,0,,0,2,2.42
2026-01-14 02:30:00,22.02,0.0,0,,0,2,2.5
2026-01-14 02:35:00,22.05,0.0,0,,0,2,2.58
2026-01-14 02:40:00,22.09,0.0,0,,0,2,2.67
2026-01-14 02:45:00,22.12,0.0,0,,0,2,2.75
2026-01-14 02:50:00,22.16,0.0,0,,0,2,2.83
2026-01-14 02:55:00,22.2,0.0,0,,0,2,2.92
2026-01-14 03:00:00,22.25,0.0,0,,0,2,3.0
2026-01-14 03:05:00,22.29,0.0,0,,0,2,3.08
2026-01-14 03:10:00,22.34,0.0,0,,0,2,3.17
2026-01-14 03:15:00,22.39,0.0,0,,0,2,3.25
2026-01-14 03:20:00,22.43,0.0,0,,0,2,3.33
2026-01-14 03:25:00,22.49,0.0,0,,0,2,3.42
2026-01-14 03:30:00,22.54,0.0,0,,0,2,3.5
2026-01-14 03:35:00,22.59,0.0,0,,0,2,3.58
2026-01-14 03:40:00,22.65,0.0,0,,0,2,3.67
2026-01-14 03:45:00,22.7,0.0,0,,0,2,3.75
2026-01-14 03:50:00,22.76,0.0,0,,0,2,3.83
2026-01-14 03:55:00,22.82,0.0,0,,0,2,3.92
2026-01-14 04:00:00,22.88,0.0,0,,0,2,4.0
2026-01-14 04:05:00,22.95,0.0,0,,0,2,4.08
2026-01-14 04:10:00,23.01,0.0,0,,0,2,4.17
2026-01-14 04:15:00,23.07,0.0,0,,0,2,4.25
2026-01-14 04:20:00,23.14,0.0,0,,0,2,4.33
2026-01-14 04:25:00,23.21,0.0,0,,0,2,4.42
2026-01-14 04:30:00,23.28,0.0,0,,0,2,4.5
2026-01-14 04:35:00,23.35,0.0,0,,0,2,4.58
2026-01-14 04:40:00,23.42,0.0,0,,0,2,4.67
2026-01-14 04:45:00,23.49,0.0,0,,0,2,4.75
2026-01-14 04:50:00,23.56,0.0,0,,0,2,4.83
2026-01-14 04:55:00,23.64,0.0,0,,0,2,4.92
2026-01-14 05:00:00,23.71,0.0,0,,0,2,5.0
2026-01-14 05:05:00,23.79,0.0,0,,0,2,5.08
2026-01-14 05:10:00,23.86,0.0,0,,0,2,5.17
2026-01-14 05:15:00,23.94,0.0,0,,0,2,5.25
2026-01-14 05:20:00,24.02,0.0,0,,0,2,5.33
2026-01-14 05:25:00,24.1,0.0,0,,0,2,5.42
2026-01-14 05:30:00,24.18,0.0,0,,0,2,5.5
2026-01-14 05:35:00,24.26,0.0,0,,0,2,5.58
2026-01-14 05:40:00,24.34,0.0,0,,0,2,5.67
2026-01-14 05:45:00,24.43,0.0,0,,0,2,5.75
2026-01-14 05:50:00,24.51,0.0,0,,0,2,5.83
2026-01-14 05:55:00,24.59,0.0,0,,0,2,5.92
2026-01-14 06:00:00,24.68,0.0,0,,0,2,6.0
2026-01-14 06:05:00,24.76,0.0,0,,0,2,6.08
2026-01-14 06:10:00,24.85,0.0,0,,0,2,6.17
2026-01-14 06:15:00,24.93,0.0,0,,0,2,6.25
2026-01-14 06:20:00,25.02,0.0,0,,0,2,6.33
2026-01-14 06:25:00,25.1,0.0,0,,0,2,6.42
2026-01-14 06:30:00,25.19,0.0,0,,0,2,6.5
2026-01-14 06:35:00,25.28,0.0,0,,0,2,6.58
2026-01-14 06:40:00,25.36,0.0,0,,0,2,6.67
2026-01-14 06:45:00,25.45,0.0,0,,0,2,6.75
2026-01-14 06:50:00,25.54,0.0,0,,0,2,6.83
2026-01-14 06:55:00,25.62,0.0,0,,0,2,6.92
2026-01-14 07:00:00,25.71,0.0,0,,0,2,7.0
2026-01-14 07:05:00,25.8,0.0,0,,0,2,7.08
2026-01-14 07:10:00,25.89,0.0,0,,0,2,7.17
2026-01-14 07:15:00,25.97,0.0,0,,0,2,7.25
2026-01-14 07:20:00,26.06,0.0,0,,0,2,7.33
2026-01-14 07:25:00,26.15,0.0,0,,0,2,7.42
2026-01-14 07:30:00,26.23,0.0,0,,0,2,7.5
2026-01-14 07:35:00,26.32,0.0,0,,0,2,7.58
2026-01-14 07:40:00,26.41,0.0,0,,0,2,7.67
2026-01-14 07:45:00,26.49,0.0,0,,0,2,7.75
2026-01-14 07:50:00,26.58,0.0,0,,0,2,7.83
2026-01-14 07:55:00,26.66,0.0,0,,0,2,7.92
2026-01-14 08:00:00,26.75,0.0,0,,0,2,8.0
2026-01-14 08:05:00,26.83,0.0,0,,0,2,8.08
2026-01-14 08:10:00,26.91,0.0,0,,0,2,8.17
2026-01-14 08:15:00,27.0,0.0,0,,0,2,8.25
2026-01-14 08:20:00,27.08,0.0,0,,0,2,8.33
2026-01-14 08:25:00,27.16,0.0,0,,0,2,8.42
2026-01-14 08:30:00,27.24,0.0,0,,0,2,8.5
2026-01-14 08:35:00,27.32,0.0,0,,0,2,8.58
2026-01-14 08:40:00,27.4,0.0,0,,0,2,8.67
2026-01-14 08:45:00,27.48,0.0,0,,0,2,8.75
2026-01-14 08:50:00,27.56,0.0,0,,0,2,8.83
2026-01-14 08:55:00,27.64,0.0,0,,0,2,8.92
2026-01-14 09:00:00,27.71,0.0,0,,0,2,9.0
2026-01-14 09:05:00,27.79,0.0,0,,0,2,9.08
2026-01-14 09:10:00,27.86,0.0,0,,0,2,9.17
2026-01-14 09:15:00,27.93,0.0,0,,0,2,9.25
2026-01-14 09:20:00,28.01,0.0,0,,0,2,9.33
2026-01-14 09:25:00,28.08,0.0,0,,0,2,9.42
2026-01-14 09:30:00,28.15,0.0,0,,0,2,9.5
2026-01-14 09:35:00,28.21,0.0,0,,0,2,9.58
2026-01-14 09:40:00,28.28,0.0,0,,0,2,9.67
2026-01-14 09:45:00,28.35,0.0,0,,0,2,9.75
2026-01-14 09:50:00,28.41,0.0,0,,0,2,9.83
2026-01-14 09:55:00,28.48,0.0,0,,0,2,9.92
2026-01-14 10:00:00,28.54,0.0,0,,0,2,10.0
2026-01-14 10:05:00,28.6,0.0,0,,0,2,10.08
2026-01-14 10:10:00,28.66,0.0,0,,0,2,10.17
2026-01-14 10:15:00,28.72,0.0,0,,0,2,10.25
2026-01-14 10:20:00,28.78,0.0,0,,0,2,10.33
2026-01-14 10:25:00,28.83,0.0,0,,0,2,10.42
2026-01-14 10:30:00,28.88,0.0,0,,0,2,10.5
2026-01-14 10:35:00,28.94,0.0,0,,0,2,10.58
2026-01-14 10:40:00,28.99,0.0,0,,0,2,10.67
2026-01-14 10:45:00,29.04,0.0,0,,0,2,10.75
2026-01-14 10:50:00,29.08,0.0,0,,0,2,10.83
2026-01-14 10:55:00,29.13,0.0,0,,0,2,10.92
2026-01-14 11:00:00,29.18,0.0,0,,0,2,11.0
2026-01-14 11:05:00,29.22,0.0,0,,0,2,11.08
2026-01-14 11:10:00,29.26,0.0,0,,0,2,11.17
2026-01-14 11:15:00,29.3,0.0,0,,0,2,11.25
2026-01-14 11:20:00,29.34,0.0,0,,0,2,11.33
2026-01-14 11:25:00,29.37,0.0,0,,0,2,11.42
2026-01-14 11:30:00,29.41,0.0,0,,0,2,11.5
2026-01-14 11:35:00,29.44,0.0,0,,0,2,11.58
2026-01-14 11:40:00,29.47,0.0,0,,0,2,11.67
2026-01-14 11:45:00,29.5,0.0,0,,0,2,11.75
2026-01-14 11:50:00,29.53,0.0,0,,0,2,11.83
2026-01-14 11:55:00,29.55,0.0,0,,0,2,11.92
2026-01-14 12:00:00,29.57,0.0,0,,0,2,12.0
2026-01-14 12:05:00,29.6,0.0,0,,0,2,12.08
2026-01-14 12:10:00,29.62,0.0,0,,0,2,12.17
2026-01-14 12:15:00,29.63,0.0,0,,0,2,12.25
2026-01-14 12:20:00,29.65,0.0,0,,0,2,12.33
2026-01-14 12:25:00,29.66,0.0,0,,0,2,12.42
2026-01-14 12:30:00,29.68,0.0,0,,0,2,12.5
2026-01-14 12:35:00,29.69,0.0,0,,0,2,12.58
2026-01-14 12:40:00,29.7,0.0,0,,0,2,12.67
2026-01-14 12:45:00,29.7,0.0,0,,0,2,12.75
2026-01-14 12:50:00,29.71,0.0,0,,0,2,12.83
2026-01-14 12:55:00,29.71,0.0,0,,0,2,12.92
2026-01-14 13:00:00,29.71,0.0,0,,0,2,13.0
2026-01-14 13:05:00,29.71,0.0,0,,0,2,13.08
2026-01-14 13:10:00,29.71,0.0,0,,0,2,13.17
2026-01-14 13:15:00,29.7,0.0,0,,0,2,13.25
2026-01-14 13:20:00,29.7,0.0,0,,0,2,13.33
2026-01-14 13:25:00,29.69,0.0,0,,0,2,13.42
2026-01-14 13:30:00,29.68,0.0,0,,0,2,13.5
2026-01-14 13:35:00,29.66,0.0,0,,0,2,13.58
2026-01-14 13:40:00,29.65,0.0,0,,0,2,13.67
2026-01-14 13:45:00,29.63,0.0,0,,0,2,13.75
2026-01-14 13:50:00,29.62,0.0,0,,0,2,13.83
2026-01-14 13:55:00,29.6,0.0,0,,0,2,13.92
2026-01-14 14:00:00,29.57,0.0,0,,0,2,14.0
2026-01-14 14:05:00,29.55,0.0,0,,0,2,14.08
2026-01-14 14:10:00,29.53,0.0,0,,0,2,14.17
2026-01-14 14:15:00,29.5,0.0,0,,0,2,14.25
2026-01-14 14:20:00,29.47,0.0,0,,0,2,14.33
2026-01-14 14:25:00,29.44,0.0,0,,0,2,14.42
2026-01-14 14:30:00,29.41,0.0,0,,0,2,14.5
2026-01-14 14:35:00,29.37,0.0,0,,0,2,14.58
2026-01-14 14:40:00,29.34,0.0,0,,0,2,14.67
2026-01-14 14:45:00,29.3,0.0,0,,0,2,14.75
2026-01-14 14:50:00,29.26,0.0,0,,0,2,14.83
2026-01-14 14:55:00,29.22,0.0,0,,0,2,14.92
2026-01-14 15:00:00,29.18,0.0,0,,0,2,15.0
2026-01-14 15:05:00,29.13,0.0,0,,0,2,15.08
2026-01-14 15:10:00,29.08,0.0,0,,0,2,15.17
2026-01-14 15:15:00,29.04,0.0,0,,0,2,15.25
2026-01-14 15:20:00,28.99,0.0,0,,0,2,15.33
2026-01-14 15:25:00,28.94,0.0,0,,0,2,15.42
2026-01-14 15:30:00,28.88,0.0,0,,0,2,15.5
2026-01-14 15:35:00,28.83,0.0,0,,0,2,15.58
2026-01-14 15:40:00,28.78,0.0,0,,0,2,15.67
2026-01-14 15:45:00,28.72,0.0,0,,0,2,15.75
2026-01-14 15:50:00,28.66,0.0,0,,0,2,15.83
2026-01-14 15:55:00,28.6,0.0,0,,0,2,15.92
2026-01-14 16:00:00,28.54,0.0,0,,0,2,16.0
2026-01-14 16:05:00,28.48,0.0,0,,0,2,16.08
2026-01-14 16:10:00,28.41,0.0,0,,0,2,16.17
2026-01-14 16:15:00,28.35,0.0,0,,0,2,16.25
2026-01-14 16:20:00,28.28,0.0,0,,0,2,16.33
2026-01-14 16:25:00,28.21,0.0,0,,0,2,16.42
2026-01-14 16:30:00,28.15,0.0,0,,0,2,16.5
2026-01-14 16:35:00,28.08,0.0,0,,0,2,16.58
2026-01-14 16:40:00,28.01,0.0,0,,0,2,16.67
2026-01-14 16:45:00,27.93,0.0,0,,0,2,16.75
2026-01-14 16:50:00,27.86,0.0,0,,0,2,16.83
2026-01-14 16:55:00,27.79,0.0,0,,0,2,16.92
2026-01-14 17:00:00,27.71,0.0,0,,0,2,17.0
2026-01-14 17:05:00,27.64,0.0,0,,0,2,17.08
2026-01-14 17:10:00,27.56,0.0,0,,0,2,17.17
2026-01-14 17:15:00,27.48,0.0,0,,0,2,17.25
2026-01-14 17:20:00,27.4,0.0,0,,0,2,17.33
2026-01-14 17:25:00,27.32,0.0,0,,0,2,17.42
2026-01-14 17:30:00,27.24,0.0,0,,0,2,17.5
2026-01-14 17:35:00,27.16,0.0,0,,0,2,17.58
2026-01-14 17:40:00,27.08,0.0,0,,0,2,17.67
2026-01-14 17:45:00,27.0,0.0,0,,0,2,17.75
2026-01-14 17:50:00,26.91,0.0,0,,0,2,17.83
2026-01-14 17:55:00,26.83,0.0,0,,0,2,17.92
2026-01-14 18:00:00,26.75,0.0,0,,0,2,18.0
2026-01-14 18:05:00,26.66,0.0,0,,0,2,18.08
2026-01-14 18:10:00,26.58,0.0,0,,0,2,18.17
2026-01-14 18:15:00,26.49,0.0,0,,0,2,18.25
2026-01-14 18:20:00,26.41,0.0,0,,0,2,18.33
2026-01-14 18:25:00,26.32,0.0,0,,0,2,18.42
2026-01-14 18:30:00,26.23,0.0,0,,0,2,18.5
2026-01-14 18:35:00,26.15,0.0,0,,0,2,18.58
2026-01-14 18:40:00,26.06,0.0,0,,0,2,18.67
2026-01-14 18:45:00,25.97,0.0,0,,0,2,18.75
2026-01-14 18:50:00,25.89,0.0,0,,0,2,18.83
2026-01-14 18:55:00,25.8,0.0,0,,0,2,18.92
2026-01-14 19:00:00,25.71,0.0,0,,0,2,19.0
2026-01-14 19:05:00,25.62,0.0,0,,0,2,19.08
2026-01-14 19:10:00,25.54,0.0,0,,0,2,19.17
2026-01-14 19:15:00,25.45,0.0,0,,0,2,19.25
2026-01-14 19:20:00,25.36,0.0,0,,0,2,19.33
2026-01-14 19:25:00,25.28,0.0,0,,0,2,19.42
2026-01-14 19:30:00,25.19,0.0,0,,0,2,19.5
2026-01-14 19:35:00,25.1,0.0,0,,0,2,19.58
2026-01-14 19:40:00,25.02,0.0,0,,0,2,19.67
2026-01-14 19:45:00,24.93,0.0,0,,0,2,19.75
2026-01-14 19:50:00,24.85,0.0,0,,0,2,19.83
2026-01-14 19:55:00,24.76,0.0,0,,0,2,19.92
2026-01-14 20:00:00,24.68,0.0,0,,0,2,20.0
2026-01-14 20:05:00,24.59,0.0,0,,0,2,20.08
2026-01-14 20:10:00,24.51,0.0,0,,0,2,20.17
2026-01-14 20:15:00,24.43,0.0,0,,0,2,20.25
2026-01-14 20:20:00,24.34,0.0,0,,0,2,20.33
2026-01-14 20:25:00,24.26,0.0,0,,0,2,20.42
2026-01-14 20:30:00,24.18,0.0,0,,0,2,20.5
2026-01-14 20:35:00,24.1,0.0,0,,0,2,20.58
2026-01-14 20:40:00,24.02,0.0,0,,0,2,20.67
2026-01-14 20:45:00,23.94,0.0,0,,0,2,20.75
2026-01-14 20:50:00,23.86,0.0,0,,0,2,20.83
2026-01-14 20:55:00,23.79,0.0,0,,0,2,20.92
2026-01-14 21:00:00,23.71,0.0,0,,0,2,21.0
2026-01-14 21:05:00,23.64,0.0,0,,0,2,21.08
2026-01-14 21:10:00,23.56,0.0,0,,0,2,21.17
2026-01-14 21:15:00,23.49,0.0,0,,0,2,21.25
2026-01-14 21:20:00,23.42,0.0,0,,0,2,21.33
2026-01-14 21:25:00,23.35,0.0,0,,0,2,21.42
2026-01-14 21:30:00,23.28,0.0,0,,0,2,21.5
2026-01-14 21:35:00,23.21,0.0,0,,0,2,21.58
2026-01-14 21:40:00,23.14,0.0,0,,0,2,21.67
2026-01-14 21:45:00,23.07,0.0,0,,0,2,21.75
2026-01-14 21:50:00,23.01,0.0,0,,0,2,21.83
2026-01-14 21:55:00,22.95,0.0,0,,0,2,21.92
2026-01-14 22:00:00,22.88,0.0,0,,0,2,22.0
2026-01-14 22:05:00,22.82,0.0,0,,0,2,22.08
2026-01-14 22:10:00,22.76,0.0,0,,0,2,22.17
2026-01-14 22:15:00,22.7,0.0,0,,0,2,22.25
2026-01-14 22:20:00,22.65,0.0,0,,0,2,22.33
2026-01-14 22:25:00,22.59,0.0,0,,0,2,22.42
2026-01-14 22:30:00,22.54,0.0,0,,0,2,22.5
2026-01-14 22:35:00,22.49,0.0,0,,0,2,22.58
2026-01-14 22:40:00,22.43,0.0,0,,0,2,22.67
2026-01-14 22:45:00,22.39,0.0,0,,0,2,22.75
2026-01-14 22:50:00,22.34,0.0,0,,0,2,22.83
2026-01-14 22:55:00,22.29,0.0,0,,0,2,22.92
2026-01-14 23:00:00,22.25,0.0,0,,0,2,23.0
2026-01-14 23:05:00,22.2,0.0,0,,0,2,23.08
2026-01-14 23:10:00,22.16,0.0,0,,0,2,23.17
2026-01-14 23:15:00,22.12,0.0,0,,0,2,23.25
2026-01-14 23:20:00,22.09,0.0,0,,0,2,23.33
2026-01-14 23:25:00,22.05,0.0,0,,0,2,23.42
2026-01-14 23:30:00,22.02,0.0,0,,0,2,23.5
2026-01-14 23:35:00,21.98,0.0,0,,0,2,23.58
2026-01-14 23:40:00,21.95,0.0,0,,0,2,23.67
2026-01-14 23:45:00,21.92,0.0,0,,0,2,23.75
2026-01-14 23:50:00,21.9,0.0,0,,0,2,23.83
2026-01-14 23:55:00,21.87,0.0,0,,0,2,23.92
2026-01-15 00:00:00,21.8,0.0,0,,0,3,0.0
2026-01-15 00:05:00,21.78,0.0,0,,0,3,0.08
2026-01-15 00:10:00,21.76,0.0,0,,0,3,0.17
2026-01-15 00:15:00,21.75,0.0,0,,0,3,0.25
2026-01-15 00:20:00,21.73,0.0,0,,0,3,0.33
2026-01-15 00:25:00,21.72,0.0,0,,0,3,0.42
2026-01-15 00:30:00,21.7,0.0,0,,0,3,0.5
2026-01-15 00:35:00,21.69,0.0,0,,0,3,0.58
2026-01-15 00:40:00,21.68,0.0,0,,0,3,0.67
2026-01-15 00:45:00,21.68,0.0,0,,0,3,0.75
2026-01-15 00:50:00,21.67,0.0,0,,0,3,0.83
2026-01-15 00:55:00,21.67,0.0,0,,0,3,0.92
2026-01-15 01:00:00,21.67,0.0,0,,0,3,1.0
2026-01-15 01:05:00,21.67,0.0,0,,0,3,1.08
2026-01-15 01:10:00,21.67,0.0,0,,0,3,1.17
2026-01-15 01:15:00,21.68,0.0,0,,0,3,1.25
2026-01-15 01:20:00,21.68,0.0,0,,0,3,1.33
2026-01-15 01:25:00,21.69,0.0,0,,0,3,1.42
2026-01-15 01:30:00,21.7,0.0,0,,0,3,1.5
2026-01-15 01:35:00,21.72,0.0,0,,0,3,1.58
2026-01-15 01:40:00,21.73,0.0,0,,0,3,1.67
2026-01-15 01:45:00,21.75,0.0,0,,0,3,1.75
2026-01-15 01:50:00,21.76,0.0,0,,0,3,1.83
2026-01-15 01:55:00,21.78,0.0,0,,0,3,1.92
2026-01-15 02:00:00,21.8,0.0,0,,0,3,2.0
2026-01-15 02:05:00,21.83,0.0,0,,0,3,2.08
2026-01-15 02:10:00,21.85,0.0,0,,0,3,2.17
2026-01-15 02:15:00,21.88,0.0,0,,0,3,2.25
2026-01-15 02:20:00,21.91,0.0,0,,0,3,2.33
2026-01-15 02:25:00,21.94,0.0,0,,0,3,2.42
2026-01-15 02:30:00,21.97,0.0,0,,0,3,2.5
2026-01-15 02:35:00,22.01,0.0,0,,0,3,2.58
2026-01-15 02:40:00,22.04,0.0,0,,0,3,2.67
2026-01-15 02:45:00,22.08,0.0,0,,0,3,2.75
2026-01-15 02:50:00,22.12,0.0,0,,0,3,2.83
2026-01-15 02:55:00,22.16,0.0,0,,0,3,2.92
2026-01-15 03:00:00,22.2,0.0,0,,0,3,3.0
2026-01-15 03:05:00,22.25,0.0,0,,0,3,3.08
2026-01-15 03:10:00,22.3,0.0,0,,0,3,3.17
2026-01-15 03:15:00,22.34,0.0,0,,0,3,3.25
2026-01-15 03:20:00,22.39,0.0,0,,0,3,3.33
2026-01-15 03:25:00,22.44,0.0,0,,0,3,3.42
2026-01-15 03:30:00,22.5,0.0,0,,0,3,3.5
2026-01-15 03:35:00,22.55,0.0,0,,0,3,3.58
2026-01-15 03:40:00,22.6,0.0,0,,0,3,3.67
2026-01-15 03:45:00,22.66,0.0,0,,0,3,3.75
2026-01-15 03:50:00,22.72,0.0,0,,0,3,3.83
2026-01-15 03:55:00,22.78,0.0,0,,0,3,3.92
2026-01-15 04:00:00,22.84,0.0,0,,0,3,4.0
2026-01-15 04:05:00,22.9,0.0,0,,0,3,4.08
2026-01-15 04:10:00,22.97,0.0,0,,0,3,4.17
2026-01-15 04:15:00,23.03,0.0,0,,0,3,4.25
2026-01-15 04:20:00,23.1,0.0,0,,0,3,4.33
2026-01-15 04:25:00,23.16,0.0,0,,0,3,4.42
2026-01-15 04:30:00,23.23,0.0,0,,0,3,4.5
2026-01-15 04:35:00,23.3,0.0,0,,0,3,4.58
2026-01-15 04:40:00,23.37,0.0,0,,0,3,4.67
2026-01-15 04:45:00,23.45,0.0,0,,0,3,4.75
2026-01-15 04:50:00,23.52,0.0,0,,0,3,4.83
2026-01-15 04:55:00,23.59,0.0,0,,0,3,4.92
2026-01-15 05:00:00,23.67,0.0,0,,0,3,5.0
2026-01-15 05:05:00,23.74,0.0,0,,0,3,5.08
2026-01-15 05:10:00,23.82,0.0,0,,0,3,5.17
2026-01-15 05:15:00,23.9,0.0,0,,0,3,5.25
2026-01-15 05:20:00,23.98,0.0,0,,0,3,5.33
2026-01-15 05:25:00,24.06,0.0,0,,0,3,5.42
2026-01-15 05:30:00,24.14,0.0,0,,0,3,5.5
2026-01-15 05:35:00,24.22,0.0,0,,0,3,5.58
2026-01-15 05:40:00,24.3,0.0,0,,0,3,5.67
2026-01-15 05:45:00,24.38,0.0,0,,0,3,5.75
2026-01-15 05:50:00,24.47,0.0,0,,0,3,5.83
2026-01-15 05:55:00,24.55,0.0,0,,0,3,5.92
2026-01-15 06:00:00,24.63,0.0,0,,0,3,6.0
2026-01-15 06:05:00,24.72,0.0,0,,0,3,6.08
2026-01-15 06:10:00,24.8,0.0,0,,0,3,6.17
2026-01-15 06:15:00,24.89,0.0,0,,0,3,6.25
2026-01-15 06:20:00,24.97,0.0,0,,0,3,6.33
2026-01-15 06:25:00,25.06,0.0,0,,0,3,6.42
2026-01-15 06:30:00,25.15,0.0,0,,0,3,6.5
2026-01-15 06:35:00,25.23,0.0,0,,0,3,6.58
2026-01-15 06:40:00,25.32,0.0,0,,0,3,6.67
2026-01-15 06:45:00,25.41,0.0,0,,0,3,6.75
2026-01-15 06:50:00,25.49,0.0,0,,0,3,6.83
2026-01-15 06:55:00,25.58,0.0,0,,0,3,6.92
2026-01-15 07:00:00,25.67,0.0,0,,0,3,7.0
2026-01-15 07:05:00,25.76,0.0,0,,0,3,7.08
2026-01-15 07:10:00,25.84,0.0,0,,0,3,7.17
2026-01-15 07:15:00,25.93,0.0,0,,0,3,7.25
2026-01-15 07:20:00,26.02,0.0,0,,0,3,7.33
2026-01-15 07:25:00,26.1,0.0,0,,0,3,7.42
2026-01-15 07:30:00,26.19,0.0,0,,0,3,7.5
2026-01-15 07:35:00,26.28,0.0,0,,0,3,7.58
2026-01-15 07:40:00,26.36,0.0,0,,0,3,7.67
2026-01-15 07:45:00,26.45,0.0,0,,0,3,7.75
2026-01-15 07:50:00,26.53,0.0,0,,0,3,7.83
2026-01-15 07:55:00,26.62,0.0,0,,0,3,7.92
2026-01-15 08:00:00,26.7,0.0,0,,0,3,8.0
2026-01-15 08:05:00,26.79,0.0,0,,0,3,8.08
2026-01-15 08:10:00,26.87,0.0,0,,0,3,8.17
2026-01-15 08:15:00,26.95,0.0,0,,0,3,8.25
2026-01-15 08:20:00,27.04,0.0,0,,0,3,8.33
2026-01-15 08:25:00,27.12,0.0,0,,0,3,8.42
2026-01-15 08:30:00,27.2,0.0,0,,0,3,8.5
2026-01-15 08:35:00,27.28,0.0,0,,0,3,8.58
2026-01-15 08:40:00,27.36,0.0,0,,0,3,8.67
2026-01-15 08:45:00,27.44,0.0,0,,0,3,8.75
2026-01-15 08:50:00,27.52,0.0,0,,0,3,8.83
2026-01-15 08:55:00,27.59,0.0,0,,0,3,8.92
2026-01-15 09:00:00,27.67,0.0,0,,0,3,9.0
2026-01-15 09:05:00,27.74,0.0,0,,0,3,9.08
2026-01-15 09:10:00,27.82,0.0,0,,0,3,9.17
2026-01-15 09:15:00,27.89,0.0,0,,0,3,9.25
2026-01-15 09:20:00,27.96,0.0,0,,0,3,9.33
2026-01-15 09:25:00,28.03,0.0,0,,0,3,9.42
2026-01-15 09:30:00,28.1,0.0,0,,0,3,9.5
2026-01-15 09:35:00,28.17,0.0,0,,0,3,9.58
2026-01-15 09:40:00,28.24,0.0,0,,0,3,9.67
2026-01-15 09:45:00,28.31,0.0,0,,0,3,9.75
2026-01-15 09:50:00,28.37,0.0,0,,0,3,9.83
2026-01-15 09:55:00,28.43,0.0,0,,0,3,9.92
2026-01-15 10:00:00,28.5,0.0,0,,0,3,10.0
2026-01-15 10:05:00,28.56,0.0,0,,0,3,10.08
2026-01-15 10:10:00,28.62,0.0,0,,0,3,10.17
2026-01-15 10:15:00,28.68,0.0,0,,0,3,10.25
2026-01-15 10:20:00,28.73,0.0,0,,0,3,10.33
2026-01-15 10:25:00,28.79,0.0,0,,0,3,10.42
2026-01-15 10:30:00,28.84,0.0,0,,0,3,10.5
2026-01-15 10:35:00,28.89,0.0,0,,0,3,10.58
2026-01-15 10:40:00,28.95,0.0,0,,0,3,10.67
2026-01-15 10:45:00,28.99,0.0,0,,0,3,10.75
2026-01-15 10:50:00,29.04,0.0,0,,0,3,10.83
2026-01-15 10:55:00,29.09,0.0,0,,0,3,10.92
2026-01-15 11:00:00,29.13,0.0,0,,0,3,11.0
2026-01-15 11:05:00,29.18,0.0,0,,0,3,11.08
2026-01-15 11:10:00,29.22,0.0,0,,0,3,11.17
2026-01-15 11:15:00,29.26,0.0,0,,0,3,11.25
2026-01-15 11:20:00,29.29,0.0,0,,0,3,11.33
2026-01-15 11:25:00,29.33,0.0,0,,0,3,11.42
2026-01-15 11:30:00,29.36,0.0,0,,0,3,11.5
2026-01-15 11:35:00,29.4,0.0,0,,0,3,11.58
2026-01-15 11:40:00,29.43,0.0,0,,0,3,11.67
2026-01-15 11:45:00,29.46,0.0,0,,0,3,11.75
2026-01-15 11:50:00,29.48,0.0,0,,0,3,11.83
2026-01-15 11:55:00,29.51,0.0,0,,0,3,11.92
2026-01-15 12:00:00,29.53,0.0,0,,0,3,12.0
2026-01-15 12:05:00,29.55,0.0,0,,0,3,12.08
2026-01-15 12:10:00,29.57,0.0,0,,0,3,12.17
2026-01-15 12:15:00,29.59,0.0,0,,0,3,12.25
2026-01-15 12:20:00,29.61,0.0,0,,0,3,12.33
2026-01-15 12:25:00,29.62,0.0,0,,0,3,12.42
2026-01-15 12:30:00,29.63,0.0,0,,0,3,12.5
2026-01-15 12:35:00,29.64,0.0,0,,0,3,12.58
2026-01-15 12:40:00,29.65,0.0,0,,0,3,12.67
2026-01-15 12:45:00,29.66,0.0,0,,0,3,12.75
2026-01-15 12:50:00,29.66,0.0,0,,0,3,12.83
2026-01-15 12:55:00,29.67,0.0,0,,0,3,12.92
2026-01-15 13:00:00,29.67,0.0,0,,0,3,13.0
2026-01-15 13:05:00,29.67,0.0,0,,0,3,13.08
2026-01-15 13:10:00,29.66,0.0,0,,0,3,13.17
2026-01-15 13:15:00,29.66,0.0,0,,0,3,13.25
2026-01-15 13:20:00,29.65,0.0,0,,0,3,13.33
2026-01-15 13:25:00,29.64,0.0,0,,0,3,13.42
2026-01-15 13:30:00,29.63,0.0,0,,0,3,13.5
2026-01-15 13:35:00,29.62,0.0,0,,0,3,13.58
2026-01-15 13:40:00,29.61,0.0,0,,0,3,13.67
2026-01-15 13:45:00,29.59,0.0,0,,0,3,13.75
2026-01-15 13:50:00,29.57,0.0,0,,0,3,13.83
2026-01-15 13:55:00,29.55,0.0,0,,0,3,13.92
2026-01-15 14:00:00,29.53,0.0,0,,0,3,14.0
2026-01-15 14:05:00,29.51,0.0,0,,0,3,14.08
2026-01-15 14:10:00,29.48,0.0,0,,0,3,14.17
2026-01-15 14:15:00,29.46,0.0,0,,0,3,14.25
2026-01-15 14:20:00,29.43,0.0,0,,0,3,14.33
2026-01-15 14:25:00,29.4,0.0,0,,0,3,14.42
2026-01-15 14:30:00,29.36,0.0,0,,0,3,14.5
2026-01-15 14:35:00,29.33,0.0,0,,0,3,14.58
2026-01-15 14:40:00,29.29,0.0,0,,0,3,14.67
2026-01-15 14:45:00,29.26,0.0,0,,0,3,14.75
2026-01-15 14:50:00,29.22,0.0,0,,0,3,14.83
2026-01-15 14:55:00,29.18,0.0,0,,0,3,14.92
2026-01-15 15:00:00,29.13,0.0,0,,0,3,15.0
2026-01-15 15:05:00,29.09,0.0,0,,0,3,15.08
2026-01-15 15:10:00,29.04,0.0,0,,0,3,15.17
2026-01-15 15:15:00,28.99,0.0,0,,0,3,15.25
2026-01-15 15:20:00,28.95,0.0,0,,0,3,15.33
2026-01-15 15:25:00,28.89,0.0,0,,0,3,15.42
2026-01-15 15:30:00,28.84,0.0,0,,0,3,15.5
2026-01-15 15:35:00,28.79,0.0,0,,0,3,15.58
2026-01-15 15:40:00,28.73,0.0,0,,0,3,15.67
2026-01-15 15:45:00,28.68,0.0,0,,0,3,15.75
2026-01-15 15:50:00,28.62,0.0,0,,0,3,15.83
2026-01-15 15:55:00,28.56,0.0,0,,0,3,15.92
2026-01-15 16:00:00,28.5,0.0,0,,0,3,16.0
2026-01-15 16:05:00,28.43,0.0,0,,0,3,16.08
2026-01-15 16:10:00,28.37,0.0,0,,0,3,16.17
2026-01-15 16:15:00,28.31,0.0,0,,0,3,16.25
2026-01-15 16:20:00,28.24,0.0,0,,0,3,16.33
2026-01-15 16:25:00,28.17,0.0,0,,0,3,16.42
2026-01-15 16:30:00,28.1,0.0,0,,0,3,16.5
2026-01-15 16:35:00,28.03,0.0,0,,0,3,16.58
2026-01-15 16:40:00,27.96,0.0,0,,0,3,16.67
2026-01-15 16:45:00,27.89,0.0,0,,0,3,16.75
2026-01-15 16:50:00,27.82,0.0,0,,0,3,16.83
2026-01-15 16:55:00,27.74,0.0,0,,0,3,16.92
2026-01-15 17:00:00,27.67,0.0,0,,0,3,17.0
2026-01-15 17:05:00,27.59,0.0,0,,0,3,17.08
2026-01-15 17:10:00,27.52,0.0,0,,0,3,17.17
2026-01-15 17:15:00,27.44,0.0,0,,0,3,17.25
2026-01-15 17:20:00,27.36,0.0,0,,0,3,17.33
2026-01-15 17:25:00,27.28,0.0,0,,0,3,17.42
2026-01-15 17:30:00,27.2,0.0,0,,0,3,17.5
2026-01-15 17:35:00,27.12,0.0,0,,0,3,17.58
2026-01-15 17:40:00,27.04,0.0,0,,0,3,17.67
2026-01-15 17:45:00,26.95,0.0,0,,0,3,17.75
2026-01-15 17:50:00,26.87,0.0,0,,0,3,17.83
2026-01-15 17:55:00,26.79,0.0,0,,0,3,17.92
2026-01-15 18:00:00,26.7,0.0,0,,0,3,18.0
2026-01-15 18:05:00,26.62,0.0,0,,0,3,18.08
2026-01-15 18:10:00,26.53,0.0,0,,0,3,18.17
2026-01-15 18:15:00,26.45,0.0,0,,0,3,18.25
2026-01-15 18:20:00,26.36,0.0,0,,0,3,18.33
2026-01-15 18:25:00,26.28,0.0,0,,0,3,18.42
2026-01-15 18:30:00,26.19,0.0,0,,0,3,18.5
2026-01-15 18:35:00,26.1,0.0,0,,0,3,18.58
2026-01-15 18:40:00,26.02,0.0,0,,0,3,18.67
2026-01-15 18:45:00,25.93,0.0,0,,0,3,18.75
2026-01-15 18:50:00,25.84,0.0,0,,0,3,18.83
2026-01-15 18:55:00,25.76,0.0,0,,0,3,18.92
2026-01-15 19:00:00,25.67,0.0,0,,0,3,19.0
2026-01-15 19:05:00,25.58,0.0,0,,0,3,19.08
2026-01-15 19:10:00,25.49,0.0,0,,0,3,19.17
2026-01-15 19:15:00,25.41,0.0,0,,0,3,19.25
2026-01-15 19:20:00,25.32,0.0,0,,0,3,19.33
2026-01-15 19:25:00,25.23,0.0,0,,0,3,19.42
2026-01-15 19:30:00,25.15,0.0,0,,0,3,19.5
2026-01-15 19:35:00,25.06,0.0,0,,0,3,19.58
2026-01-15 19:40:00,24.97,0.0,0,,0,3,19.67
2026-01-15 19:45:00,24.89,0.0,0,,0,3,19.75
2026-01-15 19:50:00,24.8,0.0,0,,0,3,19.83
2026-01-15 19:55:00,24.72,0.0,0,,0,3,19.92
2026-01-15 20:00:00,24.63,0.0,0,,0,3,20.0
2026-01-15 20:05:00,24.55,0.0,0,,0,3,20.08
2026-01-15 20:10:00,24.47,0.0,0,,0,3,20.17
2026-01-15 20:15:00,24.38,0.0,0,,0,3,20.25
2026-01-15 20:20:00,24.3,0.0,0,,0,3,20.33
2026-01-15 20:25:00,24.22,0.0,0,,0,3,20.42
2026-01-15 20:30:00,24.14,0.0,0,,0,3,20.5
2026-01-15 20:35:00,24.06,0.0,0,,0,3,20.58
2026-01-15 20:40:00,23.98,0.0,0,,0,3,20.67
2026-01-15 20:45:00,23.9,0.0,0,,0,3,20.75
2026-01-15 20:50:00,23.82,0.0,0,,0,3,20.83
2026-01-15 20:55:00,23.74,0.0,0,,0,3,20.92
2026-01-15 21:00:00,23.67,0.0,0,,0,3,21.0
2026-01-15 21:05:00,23.59,0.0,0,,0,3,21.08
2026-01-15 21:10:00,23.52,0.0,0,,0,3,21.17
2026-01-15 21:15:00,23.45,0.0,0,,0,3,21.25
2026-01-15 21:20:00,23.37,0.0,0,,0,3,21.33
2026-01-15 21:25:00,23.3,0.0,0,,0,3,21.42
2026-01-15 21:30:00,23.23,0.0,0,,0,3,21.5
2026-01-15 21:35:00,23.16,0.0,0,,0,3,21.58
2026-01-15 21:40:00,23.1,0.0,0,,0,3,21.67
2026-01-15 21:45:00,23.03,0.0,0,,0,3,21.75
2026-01-15 21:50:00,22.97,0.0,0,,0,3,21.83
2026-01-15 21:55:00,22.9,0.0,0,,0,3,21.92
2026-01-15 22:00:00,22.84,0.0,0,,0,3,22.0
2026-01-15 22:05:00,22.78,0.0,0,,0,3,22.08
2026-01-15 22:10:00,22.72,0.0,0,,0,3,22.17
2026-01-15 22:15:00,22.66,0.0,0,,0,3,22.25
2026-01-15 22:20:00,22.6,0.0,0,,0,3,22.33
2026-01-15 22:25:00,22.55,0.0,0,,0,3,22.42
2026-01-15 22:30:00,22.5,0.0,0,,0,3,22.5
2026-01-15 22:35:00,22.44,0.0,0,,0,3,22.58
2026-01-15 22:40:00,22.39,0.0,0,,0,3,22.67
2026-01-15 22:45:00,22.34,0.0,0,,0,3,22.75
2026-01-15 22:50:00,22.3,0.0,0,,0,3,22.83
2026-01-15 22:55:00,22.25,0.0,0,,0,3,22.92
2026-01-15 23:00:00,22.2,0.0,0,,0,3,23.0
2026-01-15 23:05:00,22.16,0.0,0,,0,3,23.08
2026-01-15 23:10:00,22.12,0.0,0,,0,3,23.17
2026-01-15 23:15:00,22.08,0.0,0,,0,3,23.25
2026-01-15 23:20:00,22.04,0.0,0,,0,3,23.33
2026-01-15 23:25:00,22.01,0.0,0,,0,3,23.42
2026-01-15 23:30:00,21.97,0.0,0,,0,3,23.5
2026-01-15 23:35:00,21.94,0.0,0,,0,3,23.58
2026-01-15 23:40:00,21.91,0.0,0,,0,3,23.67
2026-01-15 23:45:00,21.88,0.0,0,,0,3,23.75
2026-01-15 23:50:00,21.85,0.0,0,,0,3,23.83
2026-01-15 23:55:00,21.83,0.0,0,,0,3,23.92
